valid,complete,collision_free,runtime,mean_path_length,turning_angle,curvature_proxy,min_clearance,mean_node_count,failure_reason,samples,expanded_nodes,collision_checks,validator_calls,apf_calls,lookahead_trials,experiment,map_id,map_group,algorithm,seed,validator_version,scenario_hash
1,1,1,0.1521762009999747,1106.8547682469168,0.0375188512032554,0.0025012567468836,1.0505144764750565,96.66666666666669,,2772,212,2761,32,196,0,fixed,S1,S1,APFMultiRRT,1000,exact_geometry_v2,dfb22a54f1bd12560c7dc3c99ac7ee01636d2061e8bb15cba993a23677934b95
1,1,1,0.1052629040000283,1049.147976706284,0.0382233063352533,0.0025482204223502,0.8392935470502181,91.33333333333331,,1528,188,2029,32,124,0,fixed,S1,S1,APFMultiRRT,1001,exact_geometry_v2,dfb22a54f1bd12560c7dc3c99ac7ee01636d2061e8bb15cba993a23677934b95
1,1,1,0.1276848769999787,1111.9864547369618,0.0568998187891863,0.0037933212526124,1.0689580265726608,97.0,,2131,218,2409,29,167,0,fixed,S1,S1,APFMultiRRT,1002,exact_geometry_v2,dfb22a54f1bd12560c7dc3c99ac7ee01636d2061e8bb15cba993a23677934b95
1,1,1,0.196657681999909,1066.8685761000172,0.0590979353331425,0.0039398623555428,2.421466852604297,93.66666666666669,,3893,234,3182,37,237,0,fixed,S1,S1,APFMultiRRT,1003,exact_geometry_v2,dfb22a54f1bd12560c7dc3c99ac7ee01636d2061e8bb15cba993a23677934b95
1,1,1,0.1933065590000069,1073.5691217404303,0.0341723814494174,0.0022781587632944,0.5615638592675118,93.33333333333331,,3696,217,3081,42,236,0,fixed,S1,S1,APFMultiRRT,1004,exact_geometry_v2,dfb22a54f1bd12560c7dc3c99ac7ee01636d2061e8bb15cba993a23677934b95
1,1,1,0.1641970029999129,1069.508784681663,0.0291314447766446,0.0019420963184429,0.6281975624855782,93.33333333333331,,2651,209,2729,37,191,0,fixed,S1,S1,APFMultiRRT,1005,exact_geometry_v2,dfb22a54f1bd12560c7dc3c99ac7ee01636d2061e8bb15cba993a23677934b95
1,1,1,0.1418574259998877,1090.4543546021453,0.0316694274710717,0.0021112951647381,1.3574977162723272,94.0,,1813,197,2324,39,141,0,fixed,S1,S1,APFMultiRRT,1006,exact_geometry_v2,dfb22a54f1bd12560c7dc3c99ac7ee01636d2061e8bb15cba993a23677934b95
1,1,1,0.1462029760000405,1076.6556143665766,0.0364273843232376,0.0024284922882158,0.9222160242863016,94.0,,1873,189,2487,40,153,0,fixed,S1,S1,APFMultiRRT,1007,exact_geometry_v2,dfb22a54f1bd12560c7dc3c99ac7ee01636d2061e8bb15cba993a23677934b95
1,1,1,0.2272548539999661,1093.6357562620085,0.0277022429489473,0.0018468161965964,5.170860665899893,93.66666666666669,,3926,232,3076,31,266,0,fixed,S1,S1,APFMultiRRT,1008,exact_geometry_v2,dfb22a54f1bd12560c7dc3c99ac7ee01636d2061e8bb15cba993a23677934b95
1,1,1,0.1158019430000649,1074.6442393353889,0.0300610425828337,0.0020040695055222,0.6587186500473035,93.0,,1577,173,2160,37,121,0,fixed,S1,S1,APFMultiRRT,1009,exact_geometry_v2,dfb22a54f1bd12560c7dc3c99ac7ee01636d2061e8bb15cba993a23677934b95
1,1,1,0.2518127929999991,1084.1647495188931,0.0276177501672747,0.0018411833444849,1.0982457766623828,93.66666666666669,,4173,251,4263,37,361,0,fixed,S1,S1,APFMultiRRT,1010,exact_geometry_v2,dfb22a54f1bd12560c7dc3c99ac7ee01636d2061e8bb15cba993a23677934b95
1,1,1,0.185381823000057,1108.070169848609,0.0443130056990909,0.0029542003799393,2.35877203687212,96.33333333333331,,2310,196,2533,43,162,0,fixed,S1,S1,APFMultiRRT,1011,exact_geometry_v2,dfb22a54f1bd12560c7dc3c99ac7ee01636d2061e8bb15cba993a23677934b95
1,1,1,0.1377066759999934,1036.601282063688,0.0265371538963019,0.0017691435930867,2.643342299543953,89.0,,2118,195,2383,32,166,0,fixed,S1,S1,APFMultiRRT,1012,exact_geometry_v2,dfb22a54f1bd12560c7dc3c99ac7ee01636d2061e8bb15cba993a23677934b95
1,1,1,0.1685120500000039,1115.9399725271303,0.0200641795331699,0.0013376119688779,3.0117779406218155,96.33333333333331,,2274,193,2387,32,158,0,fixed,S1,S1,APFMultiRRT,1013,exact_geometry_v2,dfb22a54f1bd12560c7dc3c99ac7ee01636d2061e8bb15cba993a23677934b95
1,1,1,0.1115553219999583,1075.3661439660248,0.0288264471835187,0.0019217631455679,0.744673659732829,92.66666666666669,,1563,182,2192,35,127,0,fixed,S1,S1,APFMultiRRT,1014,exact_geometry_v2,dfb22a54f1bd12560c7dc3c99ac7ee01636d2061e8bb15cba993a23677934b95
1,1,1,0.2508696509999026,1123.5676868899848,0.0252965792187733,0.0016864386145848,5.797006821977462,97.0,,5086,243,3868,34,342,0,fixed,S1,S1,APFMultiRRT,1015,exact_geometry_v2,dfb22a54f1bd12560c7dc3c99ac7ee01636d2061e8bb15cba993a23677934b95
1,1,1,0.1937096769999016,1076.3302455231417,0.0360974924880845,0.0024064994992056,3.687936454276304,93.66666666666669,,2434,205,2737,35,178,0,fixed,S1,S1,APFMultiRRT,1016,exact_geometry_v2,dfb22a54f1bd12560c7dc3c99ac7ee01636d2061e8bb15cba993a23677934b95
1,1,1,0.1163362170002528,1056.9590953990207,0.0381324779775843,0.0025421651985056,1.222036123505303,92.33333333333331,,1701,170,2156,35,133,0,fixed,S1,S1,APFMultiRRT,1017,exact_geometry_v2,dfb22a54f1bd12560c7dc3c99ac7ee01636d2061e8bb15cba993a23677934b95
1,1,1,0.2559733150000056,1145.85465974477,0.0330056237147329,0.0022003749143155,2.441047960077908,99.33333333333331,,4420,272,3846,36,288,0,fixed,S1,S1,APFMultiRRT,1018,exact_geometry_v2,dfb22a54f1bd12560c7dc3c99ac7ee01636d2061e8bb15cba993a23677934b95
1,1,1,0.1263161449999188,1086.7415047520658,0.0365784069414548,0.0024385604627636,4.54781786815272,93.33333333333331,,2510,174,2383,37,166,0,fixed,S1,S1,APFMultiRRT,1019,exact_geometry_v2,dfb22a54f1bd12560c7dc3c99ac7ee01636d2061e8bb15cba993a23677934b95
1,1,1,0.0653152149998277,1270.8174945585197,0.066306100742791,0.004420406716186,0.7131294185492578,112.33333333333331,,417,171,1270,36,0,0,fixed,S1,S1,MultiRRT,1000,exact_geometry_v2,dfb22a54f1bd12560c7dc3c99ac7ee01636d2061e8bb15cba993a23677934b95
1,1,1,0.0337414099999477,1096.726558504395,0.0337646994576776,0.0022509799638451,1.9400819309469317,94.66666666666669,,490,177,916,28,0,0,fixed,S1,S1,MultiRRT,1001,exact_geometry_v2,dfb22a54f1bd12560c7dc3c99ac7ee01636d2061e8bb15cba993a23677934b95
0,0,0,0.0311931669998557,,,,,,no_path,621,242,579,8,0,0,fixed,S1,S1,MultiRRT,1002,exact_geometry_v2,dfb22a54f1bd12560c7dc3c99ac7ee01636d2061e8bb15cba993a23677934b95
1,1,1,0.0451069950000828,1197.9710834166613,0.0638498456161794,0.0042566563744119,2.032411880990756,104.66666666666669,,555,173,1108,32,0,0,fixed,S1,S1,MultiRRT,1003,exact_geometry_v2,dfb22a54f1bd12560c7dc3c99ac7ee01636d2061e8bb15cba993a23677934b95
1,1,1,0.0501890049998792,1068.722874124246,0.0671510174686625,0.0044767344979108,0.737466357100601,93.0,,350,149,1258,47,0,0,fixed,S1,S1,MultiRRT,1004,exact_geometry_v2,dfb22a54f1bd12560c7dc3c99ac7ee01636d2061e8bb15cba993a23677934b95
1,1,1,0.0304091040000002,1174.7516670737923,0.0400148085917564,0.002667653906117,3.2332651790005045,101.33333333333331,,406,144,937,31,0,0,fixed,S1,S1,MultiRRT,1005,exact_geometry_v2,dfb22a54f1bd12560c7dc3c99ac7ee01636d2061e8bb15cba993a23677934b95
0,0,0,0.0277737100001331,,,,,,no_path,446,195,723,17,0,0,fixed,S1,S1,MultiRRT,1006,exact_geometry_v2,dfb22a54f1bd12560c7dc3c99ac7ee01636d2061e8bb15cba993a23677934b95
1,1,1,0.029420914999946,1148.1305344887276,0.0327588251415097,0.0021839216761006,1.689383646481165,98.66666666666669,,431,163,886,28,0,0,fixed,S1,S1,MultiRRT,1007,exact_geometry_v2,dfb22a54f1bd12560c7dc3c99ac7ee01636d2061e8bb15cba993a23677934b95
1,1,1,0.0281372799998962,1150.1916219839472,0.0399089473469846,0.0026605964897989,1.6451202812061396,100.0,,405,176,900,26,0,0,fixed,S1,S1,MultiRRT,1008,exact_geometry_v2,dfb22a54f1bd12560c7dc3c99ac7ee01636d2061e8bb15cba993a23677934b95
0,0,0,0.0266263120000758,,,,,,no_path,472,162,693,18,0,0,fixed,S1,S1,MultiRRT,1009,exact_geometry_v2,dfb22a54f1bd12560c7dc3c99ac7ee01636d2061e8bb15cba993a23677934b95
0,0,0,0.0341205299999956,,,,,,no_path,558,167,901,29,0,0,fixed,S1,S1,MultiRRT,1010,exact_geometry_v2,dfb22a54f1bd12560c7dc3c99ac7ee01636d2061e8bb15cba993a23677934b95
1,1,1,0.0370020749999184,1085.0616247455555,0.0467688182705863,0.003117921218039,1.7834453180188348,94.0,,355,155,876,27,0,0,fixed,S1,S1,MultiRRT,1011,exact_geometry_v2,dfb22a54f1bd12560c7dc3c99ac7ee01636d2061e8bb15cba993a23677934b95
1,1,1,0.0268406360000881,1080.3498893084825,0.0431236163223543,0.0028749077548236,1.5191342237746337,94.66666666666669,,308,114,867,27,0,0,fixed,S1,S1,MultiRRT,1012,exact_geometry_v2,dfb22a54f1bd12560c7dc3c99ac7ee01636d2061e8bb15cba993a23677934b95
0,0,0,0.036495365000178,,,,,,no_path,739,165,432,9,0,0,fixed,S1,S1,MultiRRT,1013,exact_geometry_v2,dfb22a54f1bd12560c7dc3c99ac7ee01636d2061e8bb15cba993a23677934b95
0,0,0,0.0245786149998821,,,,,,no_path,585,172,509,10,0,0,fixed,S1,S1,MultiRRT,1014,exact_geometry_v2,dfb22a54f1bd12560c7dc3c99ac7ee01636d2061e8bb15cba993a23677934b95
1,1,1,0.0308403239999961,1078.6400683193212,0.0307450138835817,0.0020496675922387,1.2873485463423542,93.33333333333331,,326,131,844,28,0,0,fixed,S1,S1,MultiRRT,1015,exact_geometry_v2,dfb22a54f1bd12560c7dc3c99ac7ee01636d2061e8bb15cba993a23677934b95
0,0,0,0.0256668250000302,,,,,,no_path,547,127,628,18,0,0,fixed,S1,S1,MultiRRT,1016,exact_geometry_v2,dfb22a54f1bd12560c7dc3c99ac7ee01636d2061e8bb15cba993a23677934b95
0,0,0,0.0296433099998694,,,,,,no_path,570,175,661,19,0,0,fixed,S1,S1,MultiRRT,1017,exact_geometry_v2,dfb22a54f1bd12560c7dc3c99ac7ee01636d2061e8bb15cba993a23677934b95
1,1,1,0.0333300180001288,1068.413242515093,0.0296949226828975,0.0019796615121931,1.9230545895420617,93.0,,372,146,866,24,0,0,fixed,S1,S1,MultiRRT,1018,exact_geometry_v2,dfb22a54f1bd12560c7dc3c99ac7ee01636d2061e8bb15cba993a23677934b95
0,0,0,0.0430598279999685,,,,,,no_path,503,144,1130,34,0,0,fixed,S1,S1,MultiRRT,1019,exact_geometry_v2,dfb22a54f1bd12560c7dc3c99ac7ee01636d2061e8bb15cba993a23677934b95
1,1,1,0.5812330889999657,1063.48320835893,0.0329555358871998,0.0021970357258133,4.328931142393818,92.0,,1800,179,5855,39,4625,2808,fixed,S1,S1,RALMultiRRT,1000,exact_geometry_v2,dfb22a54f1bd12560c7dc3c99ac7ee01636d2061e8bb15cba993a23677934b95
1,1,1,0.8900015619999522,1103.8008186552877,0.0579823850985076,0.0038654923399005,1.590100419482212,98.33333333333331,,2733,219,7596,31,6657,4072,fixed,S1,S1,RALMultiRRT,1001,exact_geometry_v2,dfb22a54f1bd12560c7dc3c99ac7ee01636d2061e8bb15cba993a23677934b95
1,1,1,0.594204007000144,1052.0233008820285,0.0290451984073593,0.0019363465604906,2.944551619634666,91.0,,2031,169,6219,32,4958,2944,fixed,S1,S1,RALMultiRRT,1002,exact_geometry_v2,dfb22a54f1bd12560c7dc3c99ac7ee01636d2061e8bb15cba993a23677934b95
1,1,1,0.6761906240000144,1145.1876474429566,0.0552033550362795,0.0036802236690853,3.260279626453133,100.0,,2471,214,6414,42,5036,3224,fixed,S1,S1,RALMultiRRT,1003,exact_geometry_v2,dfb22a54f1bd12560c7dc3c99ac7ee01636d2061e8bb15cba993a23677934b95
1,1,1,0.7021018100000447,1078.8369056616325,0.0345875356295004,0.0023058357086333,0.7707225283473402,94.0,,2082,210,6801,34,5710,3532,fixed,S1,S1,RALMultiRRT,1004,exact_geometry_v2,dfb22a54f1bd12560c7dc3c99ac7ee01636d2061e8bb15cba993a23677934b95
1,1,1,0.6330100819999416,1082.0777935061817,0.033535166053534,0.0022356777369022,1.9330756347418612,93.33333333333331,,2064,178,5867,30,4856,3044,fixed,S1,S1,RALMultiRRT,1005,exact_geometry_v2,dfb22a54f1bd12560c7dc3c99ac7ee01636d2061e8bb15cba993a23677934b95
1,1,1,0.6208533999999872,1093.7465750836789,0.0541926485440338,0.0036128432362689,0.9818202992673832,96.0,,2492,201,6400,36,5367,3392,fixed,S1,S1,RALMultiRRT,1006,exact_geometry_v2,dfb22a54f1bd12560c7dc3c99ac7ee01636d2061e8bb15cba993a23677934b95
1,1,1,0.4662415910000845,1069.2425709633417,0.0500081844985837,0.0033338789665722,1.0831765842964387,93.33333333333331,,1422,162,5373,36,4167,2524,fixed,S1,S1,RALMultiRRT,1007,exact_geometry_v2,dfb22a54f1bd12560c7dc3c99ac7ee01636d2061e8bb15cba993a23677934b95
1,1,1,0.6797527359999549,1084.9340436434766,0.0302665661022231,0.0020177710734815,1.2330915925416832,93.66666666666669,,2979,238,7258,35,6164,3944,fixed,S1,S1,RALMultiRRT,1008,exact_geometry_v2,dfb22a54f1bd12560c7dc3c99ac7ee01636d2061e8bb15cba993a23677934b95
1,1,1,0.6718885990001127,1064.2806494765505,0.0304976249459592,0.0020331749963972,0.4763729393028058,92.33333333333331,,2644,213,7041,38,5950,3700,fixed,S1,S1,RALMultiRRT,1009,exact_geometry_v2,dfb22a54f1bd12560c7dc3c99ac7ee01636d2061e8bb15cba993a23677934b95
1,1,1,0.5560628310000766,1076.3149268692948,0.0441038650138027,0.0029402576675868,0.8185598564774423,93.33333333333331,,2130,192,6175,43,5040,3196,fixed,S1,S1,RALMultiRRT,1010,exact_geometry_v2,dfb22a54f1bd12560c7dc3c99ac7ee01636d2061e8bb15cba993a23677934b95
1,1,1,0.7507563129998971,1049.103495351995,0.0424040057744297,0.0028269337182953,2.644933384201302,91.66666666666669,,3217,226,7722,33,6700,4156,fixed,S1,S1,RALMultiRRT,1011,exact_geometry_v2,dfb22a54f1bd12560c7dc3c99ac7ee01636d2061e8bb15cba993a23677934b95
1,1,1,0.6955340179999894,1071.2904307555998,0.0266282384831229,0.0017752158988748,5.092247988126617,92.0,,3834,230,7771,32,6471,4188,fixed,S1,S1,RALMultiRRT,1012,exact_geometry_v2,dfb22a54f1bd12560c7dc3c99ac7ee01636d2061e8bb15cba993a23677934b95
1,1,1,0.5046270359998744,1069.2102124775415,0.0301187463757362,0.002007916425049,0.3682379450526305,92.0,,1677,173,5713,38,4472,2736,fixed,S1,S1,RALMultiRRT,1013,exact_geometry_v2,dfb22a54f1bd12560c7dc3c99ac7ee01636d2061e8bb15cba993a23677934b95
1,1,1,0.5732494620000352,1069.0115054829585,0.0384017200597536,0.0025601146706502,1.819164291913161,92.33333333333331,,2184,180,6378,40,5113,3168,fixed,S1,S1,RALMultiRRT,1014,exact_geometry_v2,dfb22a54f1bd12560c7dc3c99ac7ee01636d2061e8bb15cba993a23677934b95
1,1,1,0.6763472120001097,1103.014446811409,0.0453132999525035,0.0030208866635002,5.152670215272432,96.66666666666669,,3466,211,7578,34,6190,3936,fixed,S1,S1,RALMultiRRT,1015,exact_geometry_v2,dfb22a54f1bd12560c7dc3c99ac7ee01636d2061e8bb15cba993a23677934b95
1,1,1,0.5630975069998385,1128.255351669264,0.0489566855698299,0.0032637790379886,3.909649397941706,99.33333333333331,,1932,174,6382,33,4900,2928,fixed,S1,S1,RALMultiRRT,1016,exact_geometry_v2,dfb22a54f1bd12560c7dc3c99ac7ee01636d2061e8bb15cba993a23677934b95
1,1,1,0.6539482620000854,1074.157945851912,0.0235902104511693,0.0015726806967446,1.924208534223519,92.0,,2580,220,7139,35,5895,3660,fixed,S1,S1,RALMultiRRT,1017,exact_geometry_v2,dfb22a54f1bd12560c7dc3c99ac7ee01636d2061e8bb15cba993a23677934b95
1,1,1,0.5085362789999408,1062.6690479999788,0.0286827229576586,0.0019121815305105,4.680652634404495,91.66666666666669,,1981,200,5741,34,4701,2928,fixed,S1,S1,RALMultiRRT,1018,exact_geometry_v2,dfb22a54f1bd12560c7dc3c99ac7ee01636d2061e8bb15cba993a23677934b95
1,1,1,0.7009152059999906,1080.4982953989863,0.0376849568736206,0.0025123304582413,0.6756623786421354,93.66666666666669,,2922,206,7148,33,6007,3920,fixed,S1,S1,RALMultiRRT,1019,exact_geometry_v2,dfb22a54f1bd12560c7dc3c99ac7ee01636d2061e8bb15cba993a23677934b95
1,1,1,0.0477458010001328,1208.383587676839,0.0418988553325154,0.0027932570221677,0.7131294185492578,105.0,,482,220,1254,34,0,0,fixed,S1,S1,RRTStar,1000,exact_geometry_v2,dfb22a54f1bd12560c7dc3c99ac7ee01636d2061e8bb15cba993a23677934b95
1,1,1,0.0378573039999992,1099.841817045242,0.0286771389146465,0.0019118092609764,3.0183146908504472,93.66666666666669,,537,210,1019,25,0,0,fixed,S1,S1,RRTStar,1001,exact_geometry_v2,dfb22a54f1bd12560c7dc3c99ac7ee01636d2061e8bb15cba993a23677934b95
0,0,0,0.0351494910000838,,,,,,no_path,646,263,688,8,0,0,fixed,S1,S1,RRTStar,1002,exact_geometry_v2,dfb22a54f1bd12560c7dc3c99ac7ee01636d2061e8bb15cba993a23677934b95
0,0,0,0.0491325210001605,,,,,,validator_reject,620,225,1375,35,0,0,fixed,S1,S1,RRTStar,1003,exact_geometry_v2,dfb22a54f1bd12560c7dc3c99ac7ee01636d2061e8bb15cba993a23677934b95
1,1,1,0.0357735919999413,1031.9378705858717,0.0322956786841878,0.0021530452456125,0.737466357100601,89.0,,421,210,974,27,0,0,fixed,S1,S1,RRTStar,1004,exact_geometry_v2,dfb22a54f1bd12560c7dc3c99ac7ee01636d2061e8bb15cba993a23677934b95
1,1,1,0.067700635000051,1245.2479414363454,0.0859152175171509,0.00572768116781,0.935415114632896,111.0,,479,197,1766,49,0,0,fixed,S1,S1,RRTStar,1005,exact_geometry_v2,dfb22a54f1bd12560c7dc3c99ac7ee01636d2061e8bb15cba993a23677934b95
0,0,0,0.0431314850000035,,,,,,no_path,492,229,923,22,0,0,fixed,S1,S1,RRTStar,1006,exact_geometry_v2,dfb22a54f1bd12560c7dc3c99ac7ee01636d2061e8bb15cba993a23677934b95
1,1,1,0.0383705980000286,1128.5904648660717,0.0289129782909597,0.0019275318860639,0.5477923824138404,96.66666666666669,,498,219,1060,29,0,0,fixed,S1,S1,RRTStar,1007,exact_geometry_v2,dfb22a54f1bd12560c7dc3c99ac7ee01636d2061e8bb15cba993a23677934b95
1,1,1,0.0375452429999541,1118.5855535659157,0.0479075513080804,0.003193836753872,1.4610498229177755,96.66666666666669,,469,230,1083,28,0,0,fixed,S1,S1,RRTStar,1008,exact_geometry_v2,dfb22a54f1bd12560c7dc3c99ac7ee01636d2061e8bb15cba993a23677934b95
0,0,0,0.0450638880000724,,,,,,no_path,515,193,912,23,0,0,fixed,S1,S1,RRTStar,1009,exact_geometry_v2,dfb22a54f1bd12560c7dc3c99ac7ee01636d2061e8bb15cba993a23677934b95
0,0,0,0.0681147860000237,,,,,,no_path,602,200,1161,30,0,0,fixed,S1,S1,RRTStar,1010,exact_geometry_v2,dfb22a54f1bd12560c7dc3c99ac7ee01636d2061e8bb15cba993a23677934b95
1,1,1,0.0422413819998155,1052.942622171848,0.0328253830692124,0.0021883588712808,1.4223023793198664,91.33333333333331,,424,208,1140,36,0,0,fixed,S1,S1,RRTStar,1011,exact_geometry_v2,dfb22a54f1bd12560c7dc3c99ac7ee01636d2061e8bb15cba993a23677934b95
1,1,1,0.0335928960000728,1079.777777649563,0.0324242926579189,0.0021616195105279,2.174134199002152,93.66666666666669,,376,166,978,28,0,0,fixed,S1,S1,RRTStar,1012,exact_geometry_v2,dfb22a54f1bd12560c7dc3c99ac7ee01636d2061e8bb15cba993a23677934b95
0,0,0,0.04664288999993,,,,,,no_path,760,183,661,14,0,0,fixed,S1,S1,RRTStar,1013,exact_geometry_v2,dfb22a54f1bd12560c7dc3c99ac7ee01636d2061e8bb15cba993a23677934b95
0,0,0,0.0266453100000489,,,,,,no_path,607,183,580,7,0,0,fixed,S1,S1,RRTStar,1014,exact_geometry_v2,dfb22a54f1bd12560c7dc3c99ac7ee01636d2061e8bb15cba993a23677934b95
1,1,1,0.0370987400000331,1078.644420042456,0.0314120173200354,0.0020941344880023,1.3550984025181378,92.66666666666669,,392,181,1021,33,0,0,fixed,S1,S1,RRTStar,1015,exact_geometry_v2,dfb22a54f1bd12560c7dc3c99ac7ee01636d2061e8bb15cba993a23677934b95
0,0,0,0.0337674680000645,,,,,,no_path,591,159,866,26,0,0,fixed,S1,S1,RRTStar,1016,exact_geometry_v2,dfb22a54f1bd12560c7dc3c99ac7ee01636d2061e8bb15cba993a23677934b95
0,0,0,0.0474985580000293,,,,,,no_path,616,214,1072,31,0,0,fixed,S1,S1,RRTStar,1017,exact_geometry_v2,dfb22a54f1bd12560c7dc3c99ac7ee01636d2061e8bb15cba993a23677934b95
1,1,1,0.0347555159999046,1064.1394433361984,0.0296431525905307,0.001976210172702,1.7529385706855312,92.33333333333331,,437,192,947,24,0,0,fixed,S1,S1,RRTStar,1018,exact_geometry_v2,dfb22a54f1bd12560c7dc3c99ac7ee01636d2061e8bb15cba993a23677934b95
0,0,0,0.0333154270000477,,,,,,no_path,550,179,836,19,0,0,fixed,S1,S1,RRTStar,1019,exact_geometry_v2,dfb22a54f1bd12560c7dc3c99ac7ee01636d2061e8bb15cba993a23677934b95
1,1,1,0.0543839289999823,1202.1392780149656,0.0373841053902206,0.0024922736926813,0.7131294185492578,104.0,,482,220,1523,38,0,0,fixed,S1,S1,RRTStarSmart,1000,exact_geometry_v2,dfb22a54f1bd12560c7dc3c99ac7ee01636d2061e8bb15cba993a23677934b95
1,1,1,0.0531546370000342,1099.841817045242,0.0286771389146465,0.0019118092609764,3.0183146908504472,93.66666666666669,,537,210,1221,25,0,0,fixed,S1,S1,RRTStarSmart,1001,exact_geometry_v2,dfb22a54f1bd12560c7dc3c99ac7ee01636d2061e8bb15cba993a23677934b95
0,0,0,0.0337062250000599,,,,,,no_path,646,263,756,8,0,0,fixed,S1,S1,RRTStarSmart,1002,exact_geometry_v2,dfb22a54f1bd12560c7dc3c99ac7ee01636d2061e8bb15cba993a23677934b95
1,1,1,0.0903663770000093,1183.31143409191,0.0481261593829597,0.0032084106255306,3.06938912384544,103.0,,620,225,1952,53,0,0,fixed,S1,S1,RRTStarSmart,1003,exact_geometry_v2,dfb22a54f1bd12560c7dc3c99ac7ee01636d2061e8bb15cba993a23677934b95
1,1,1,0.0391272989999151,1031.9378705858717,0.0322956786841878,0.0021530452456125,0.737466357100601,89.0,,421,210,1199,27,0,0,fixed,S1,S1,RRTStarSmart,1004,exact_geometry_v2,dfb22a54f1bd12560c7dc3c99ac7ee01636d2061e8bb15cba993a23677934b95
1,1,1,0.0818620349999719,1162.9270225592438,0.0323222679616466,0.0021548178641097,1.7337083170416925,100.33333333333331,,479,197,2131,62,0,0,fixed,S1,S1,RRTStarSmart,1005,exact_geometry_v2,dfb22a54f1bd12560c7dc3c99ac7ee01636d2061e8bb15cba993a23677934b95
0,0,0,0.0458921170001076,,,,,,no_path,492,229,1103,23,0,0,fixed,S1,S1,RRTStarSmart,1006,exact_geometry_v2,dfb22a54f1bd12560c7dc3c99ac7ee01636d2061e8bb15cba993a23677934b95
1,1,1,0.0423713200000293,1128.5904648660717,0.0289129782909597,0.0019275318860639,0.5477923824138404,96.66666666666669,,498,219,1265,29,0,0,fixed,S1,S1,RRTStarSmart,1007,exact_geometry_v2,dfb22a54f1bd12560c7dc3c99ac7ee01636d2061e8bb15cba993a23677934b95
1,1,1,0.0446028119999937,1113.5769485904082,0.0390480497077949,0.0026032033138529,1.7362511776939158,95.66666666666669,,469,230,1335,30,0,0,fixed,S1,S1,RRTStarSmart,1008,exact_geometry_v2,dfb22a54f1bd12560c7dc3c99ac7ee01636d2061e8bb15cba993a23677934b95
0,0,0,0.0389171909999959,,,,,,no_path,515,193,1064,25,0,0,fixed,S1,S1,RRTStarSmart,1009,exact_geometry_v2,dfb22a54f1bd12560c7dc3c99ac7ee01636d2061e8bb15cba993a23677934b95
0,0,0,0.0526527900000246,,,,,,no_path,602,200,1358,35,0,0,fixed,S1,S1,RRTStarSmart,1010,exact_geometry_v2,dfb22a54f1bd12560c7dc3c99ac7ee01636d2061e8bb15cba993a23677934b95
1,1,1,0.0502968680000321,1052.942622171848,0.0328253830692124,0.0021883588712808,1.4223023793198664,91.33333333333331,,424,208,1376,36,0,0,fixed,S1,S1,RRTStarSmart,1011,exact_geometry_v2,dfb22a54f1bd12560c7dc3c99ac7ee01636d2061e8bb15cba993a23677934b95
1,1,1,0.0385890669998616,1079.777777649563,0.0324242926579189,0.0021616195105279,2.174134199002152,93.33333333333331,,376,166,1209,29,0,0,fixed,S1,S1,RRTStarSmart,1012,exact_geometry_v2,dfb22a54f1bd12560c7dc3c99ac7ee01636d2061e8bb15cba993a23677934b95
0,0,0,0.0428321130000313,,,,,,no_path,760,183,722,14,0,0,fixed,S1,S1,RRTStarSmart,1013,exact_geometry_v2,dfb22a54f1bd12560c7dc3c99ac7ee01636d2061e8bb15cba993a23677934b95
0,0,0,0.0285669170000346,,,,,,no_path,607,183,672,9,0,0,fixed,S1,S1,RRTStarSmart,1014,exact_geometry_v2,dfb22a54f1bd12560c7dc3c99ac7ee01636d2061e8bb15cba993a23677934b95
1,1,1,0.0581305570000267,1078.644420042456,0.0314120173200354,0.0020941344880023,1.3550984025181378,92.66666666666669,,392,181,1236,33,0,0,fixed,S1,S1,RRTStarSmart,1015,exact_geometry_v2,dfb22a54f1bd12560c7dc3c99ac7ee01636d2061e8bb15cba993a23677934b95
0,0,0,0.0619560339999907,,,,,,no_path,591,159,1097,39,0,0,fixed,S1,S1,RRTStarSmart,1016,exact_geometry_v2,dfb22a54f1bd12560c7dc3c99ac7ee01636d2061e8bb15cba993a23677934b95
0,0,0,0.054890021999995,,,,,,no_path,616,214,1233,31,0,0,fixed,S1,S1,RRTStarSmart,1017,exact_geometry_v2,dfb22a54f1bd12560c7dc3c99ac7ee01636d2061e8bb15cba993a23677934b95
1,1,1,0.0394740759999194,1064.1394433361984,0.0296431531978048,0.0019762102131869,1.7529385706856218,92.0,,437,192,1176,25,0,0,fixed,S1,S1,RRTStarSmart,1018,exact_geometry_v2,dfb22a54f1bd12560c7dc3c99ac7ee01636d2061e8bb15cba993a23677934b95
0,0,0,0.0450523120000525,,,,,,no_path,550,179,1033,26,0,0,fixed,S1,S1,RRTStarSmart,1019,exact_geometry_v2,dfb22a54f1bd12560c7dc3c99ac7ee01636d2061e8bb15cba993a23677934b95
1,1,1,0.1311385229998904,1060.2162035170925,0.0232032433088731,0.0015468828872582,0.6974005181815812,91.33333333333331,,2064,182,2165,28,152,0,fixed,S2,S2,APFMultiRRT,1000,exact_geometry_v2,518a28b328775307e59debe9fe0cf20ac6ce40753ad794c16a6c2ff1c5d0bf06
1,1,1,0.1102485779999824,1011.712986780432,0.034728044114972,0.0023152029409981,0.5883265162808566,87.66666666666667,,1095,167,1812,33,95,0,fixed,S2,S2,APFMultiRRT,1001,exact_geometry_v2,518a28b328775307e59debe9fe0cf20ac6ce40753ad794c16a6c2ff1c5d0bf06
0,0,0,0.7322011989999737,,,,,,iteration_budget,9946,426,8940,28,826,0,fixed,S2,S2,APFMultiRRT,1002,exact_geometry_v2,518a28b328775307e59debe9fe0cf20ac6ce40753ad794c16a6c2ff1c5d0bf06
1,1,1,0.1229680610000514,1058.912246612423,0.0374156613700895,0.0024943774246726,1.829421115547737,91.33333333333331,,1476,191,2066,35,120,0,fixed,S2,S2,APFMultiRRT,1003,exact_geometry_v2,518a28b328775307e59debe9fe0cf20ac6ce40753ad794c16a6c2ff1c5d0bf06
1,1,1,0.1741980960000546,1013.911349665806,0.0260113111247274,0.0017340874083151,0.1052096723581605,87.66666666666667,,3005,213,2633,33,209,0,fixed,S2,S2,APFMultiRRT,1004,exact_geometry_v2,518a28b328775307e59debe9fe0cf20ac6ce40753ad794c16a6c2ff1c5d0bf06
1,1,1,0.2777664749999076,1054.865605891143,0.0314894300694579,0.0020992953379638,1.4858565779604156,92.0,,5113,285,3982,29,321,0,fixed,S2,S2,APFMultiRRT,1005,exact_geometry_v2,518a28b328775307e59debe9fe0cf20ac6ce40753ad794c16a6c2ff1c5d0bf06
1,1,1,0.1231034800000543,1037.8532764373858,0.0320275448078828,0.0021351696538588,1.8158743434022424,90.66666666666669,,1413,187,2068,35,121,0,fixed,S2,S2,APFMultiRRT,1006,exact_geometry_v2,518a28b328775307e59debe9fe0cf20ac6ce40753ad794c16a6c2ff1c5d0bf06
1,1,1,0.1636099339998509,1055.5131264751146,0.0264150423426058,0.0017610028228403,2.2790081634211123,91.33333333333331,,2730,213,2629,33,202,0,fixed,S2,S2,APFMultiRRT,1007,exact_geometry_v2,518a28b328775307e59debe9fe0cf20ac6ce40753ad794c16a6c2ff1c5d0bf06
1,1,1,0.2580644360000406,1101.486334865089,0.030079257694341,0.0020052838462894,1.4048288712346757,95.0,,4791,239,3844,35,319,0,fixed,S2,S2,APFMultiRRT,1008,exact_geometry_v2,518a28b328775307e59debe9fe0cf20ac6ce40753ad794c16a6c2ff1c5d0bf06
1,1,1,0.1335524730001225,1047.8215734395628,0.0221704197065285,0.0014780279804352,2.2790081634211123,90.33333333333331,,1386,185,1958,33,114,0,fixed,S2,S2,APFMultiRRT,1009,exact_geometry_v2,518a28b328775307e59debe9fe0cf20ac6ce40753ad794c16a6c2ff1c5d0bf06
1,1,1,0.1805572919998894,1082.483794381665,0.0425155582726869,0.0028343705515124,1.1305874201718904,94.66666666666669,,2670,227,2837,36,202,0,fixed,S2,S2,APFMultiRRT,1010,exact_geometry_v2,518a28b328775307e59debe9fe0cf20ac6ce40753ad794c16a6c2ff1c5d0bf06
1,1,1,0.1134125000000949,1096.094409377997,0.040887843067794,0.0027258562045196,2.599547861868132,95.33333333333331,,1299,171,1943,36,111,0,fixed,S2,S2,APFMultiRRT,1011,exact_geometry_v2,518a28b328775307e59debe9fe0cf20ac6ce40753ad794c16a6c2ff1c5d0bf06
1,1,1,0.137705923999988,1045.8569169467053,0.0339899154690966,0.0022659943646064,1.8715790992811008,90.66666666666669,,1716,179,2092,32,132,0,fixed,S2,S2,APFMultiRRT,1012,exact_geometry_v2,518a28b328775307e59debe9fe0cf20ac6ce40753ad794c16a6c2ff1c5d0bf06
1,1,1,0.1343790089999856,1044.7976006380277,0.0357458659778494,0.0023830577318566,1.8358855472809523,91.33333333333331,,1734,187,2256,37,142,0,fixed,S2,S2,APFMultiRRT,1013,exact_geometry_v2,518a28b328775307e59debe9fe0cf20ac6ce40753ad794c16a6c2ff1c5d0bf06
1,1,1,0.1167250140000533,1048.0352154649097,0.0333408372511211,0.002222722483408,2.8837796594277734,90.66666666666669,,1431,179,2007,32,115,0,fixed,S2,S2,APFMultiRRT,1014,exact_geometry_v2,518a28b328775307e59debe9fe0cf20ac6ce40753ad794c16a6c2ff1c5d0bf06
1,1,1,0.1420395579999649,1029.4604907226055,0.0280485977930091,0.0018699065195339,2.2790081634211123,89.0,,1626,175,2257,42,126,0,fixed,S2,S2,APFMultiRRT,1015,exact_geometry_v2,518a28b328775307e59debe9fe0cf20ac6ce40753ad794c16a6c2ff1c5d0bf06
1,1,1,0.1527654450001137,1064.2775443855835,0.0383172195193697,0.0025544813012913,0.6875162061846662,92.66666666666669,,2115,208,2455,32,155,0,fixed,S2,S2,APFMultiRRT,1016,exact_geometry_v2,518a28b328775307e59debe9fe0cf20ac6ce40753ad794c16a6c2ff1c5d0bf06
1,1,1,0.1793748500001584,1101.0124621940863,0.0594075888542419,0.0039605059236161,1.5694184969336042,96.66666666666669,,2900,233,2891,34,208,0,fixed,S2,S2,APFMultiRRT,1017,exact_geometry_v2,518a28b328775307e59debe9fe0cf20ac6ce40753ad794c16a6c2ff1c5d0bf06
1,1,1,0.1069635689999586,1028.9980639478451,0.0273386793212862,0.001822578621419,2.2790081634211123,89.0,,1176,179,1848,32,108,0,fixed,S2,S2,APFMultiRRT,1018,exact_geometry_v2,518a28b328775307e59debe9fe0cf20ac6ce40753ad794c16a6c2ff1c5d0bf06
1,1,1,0.2824980560000085,1109.2367426235442,0.0431392661784811,0.0028759510785654,2.2790081634211123,96.66666666666669,,4608,239,4008,37,308,0,fixed,S2,S2,APFMultiRRT,1019,exact_geometry_v2,518a28b328775307e59debe9fe0cf20ac6ce40753ad794c16a6c2ff1c5d0bf06
0,0,0,0.026283044000138,,,,,,no_path,483,195,633,14,0,0,fixed,S2,S2,MultiRRT,1000,exact_geometry_v2,518a28b328775307e59debe9fe0cf20ac6ce40753ad794c16a6c2ff1c5d0bf06
0,0,0,0.0364727969999876,,,,,,no_path,697,225,611,14,0,0,fixed,S2,S2,MultiRRT,1001,exact_geometry_v2,518a28b328775307e59debe9fe0cf20ac6ce40753ad794c16a6c2ff1c5d0bf06
1,1,1,0.0342919680000477,1104.708816476578,0.0387839841083917,0.0025855989405594,1.310873174311359,95.33333333333331,,336,144,927,32,0,0,fixed,S2,S2,MultiRRT,1002,exact_geometry_v2,518a28b328775307e59debe9fe0cf20ac6ce40753ad794c16a6c2ff1c5d0bf06
1,1,1,0.0386852220000264,1155.6361018190366,0.0234945913487776,0.0015663060899185,2.475120908842936,98.33333333333331,,339,120,1021,35,0,0,fixed,S2,S2,MultiRRT,1003,exact_geometry_v2,518a28b328775307e59debe9fe0cf20ac6ce40753ad794c16a6c2ff1c5d0bf06
0,0,0,0.0335083270000495,,,,,,no_path,442,161,802,22,0,0,fixed,S2,S2,MultiRRT,1004,exact_geometry_v2,518a28b328775307e59debe9fe0cf20ac6ce40753ad794c16a6c2ff1c5d0bf06
1,1,1,0.0471365220000734,1253.6878766878178,0.0281775469572523,0.0018785031304834,1.5974871173644587,107.33333333333331,,529,240,1137,33,0,0,fixed,S2,S2,MultiRRT,1005,exact_geometry_v2,518a28b328775307e59debe9fe0cf20ac6ce40753ad794c16a6c2ff1c5d0bf06
0,0,0,0.0371144740000772,,,,,,no_path,580,186,718,18,0,0,fixed,S2,S2,MultiRRT,1006,exact_geometry_v2,518a28b328775307e59debe9fe0cf20ac6ce40753ad794c16a6c2ff1c5d0bf06
1,1,1,0.0303355439999677,1039.1786321977188,0.0366269905950236,0.0024417993730015,0.1976358010630825,90.66666666666669,,374,149,778,23,0,0,fixed,S2,S2,MultiRRT,1007,exact_geometry_v2,518a28b328775307e59debe9fe0cf20ac6ce40753ad794c16a6c2ff1c5d0bf06
1,1,1,0.0525185270000747,1075.386303791298,0.0447944709615005,0.0029862980641,1.4544808018170825,96.0,,496,173,1185,41,0,0,fixed,S2,S2,MultiRRT,1008,exact_geometry_v2,518a28b328775307e59debe9fe0cf20ac6ce40753ad794c16a6c2ff1c5d0bf06
1,1,1,0.0373886070000253,1082.474774655111,0.0333769559018137,0.0022251303934542,0.1431768104890292,93.66666666666669,,392,133,992,37,0,0,fixed,S2,S2,MultiRRT,1009,exact_geometry_v2,518a28b328775307e59debe9fe0cf20ac6ce40753ad794c16a6c2ff1c5d0bf06
0,0,0,0.0373554970000213,,,,,,no_path,475,145,756,27,0,0,fixed,S2,S2,MultiRRT,1010,exact_geometry_v2,518a28b328775307e59debe9fe0cf20ac6ce40753ad794c16a6c2ff1c5d0bf06
1,1,1,0.0552161639998303,1146.9511697474306,0.0463513703159148,0.0030900913543943,3.4461335783377365,98.66666666666669,,479,174,1092,39,0,0,fixed,S2,S2,MultiRRT,1011,exact_geometry_v2,518a28b328775307e59debe9fe0cf20ac6ce40753ad794c16a6c2ff1c5d0bf06
1,1,1,0.037813867000068,1106.0345872905953,0.0483377709399876,0.0032225180626658,2.0977632091659384,96.33333333333331,,451,133,910,27,0,0,fixed,S2,S2,MultiRRT,1012,exact_geometry_v2,518a28b328775307e59debe9fe0cf20ac6ce40753ad794c16a6c2ff1c5d0bf06
1,1,1,0.0497380560001374,1041.155190645427,0.0291628823439748,0.0019441921562649,2.027932264658194,89.66666666666667,,426,148,834,27,0,0,fixed,S2,S2,MultiRRT,1013,exact_geometry_v2,518a28b328775307e59debe9fe0cf20ac6ce40753ad794c16a6c2ff1c5d0bf06
0,0,0,0.0444520260000445,,,,,,no_path,574,135,710,20,0,0,fixed,S2,S2,MultiRRT,1014,exact_geometry_v2,518a28b328775307e59debe9fe0cf20ac6ce40753ad794c16a6c2ff1c5d0bf06
1,1,1,0.0431118960000276,1115.3630633395094,0.0305605165942961,0.002037367772953,0.4156238947238648,96.0,,175,103,846,28,0,0,fixed,S2,S2,MultiRRT,1015,exact_geometry_v2,518a28b328775307e59debe9fe0cf20ac6ce40753ad794c16a6c2ff1c5d0bf06
0,0,0,0.036417474000018,,,,,,no_path,531,137,672,21,0,0,fixed,S2,S2,MultiRRT,1016,exact_geometry_v2,518a28b328775307e59debe9fe0cf20ac6ce40753ad794c16a6c2ff1c5d0bf06
1,1,1,0.0738851839998915,1251.4486167054283,0.0789017060151109,0.0052601137343407,1.0288217686602366,110.0,,420,152,1422,45,0,0,fixed,S2,S2,MultiRRT,1017,exact_geometry_v2,518a28b328775307e59debe9fe0cf20ac6ce40753ad794c16a6c2ff1c5d0bf06
1,1,1,0.0503651220001302,1142.5688642446123,0.0370227472900464,0.0024681831526697,1.1058160522476523,98.33333333333331,,467,154,1038,35,0,0,fixed,S2,S2,MultiRRT,1018,exact_geometry_v2,518a28b328775307e59debe9fe0cf20ac6ce40753ad794c16a6c2ff1c5d0bf06
1,1,1,0.0369915440001022,1004.1441952027212,0.0206700972569721,0.0013780064837981,0.4453105654053502,87.33333333333333,,266,98,826,32,0,0,fixed,S2,S2,MultiRRT,1019,exact_geometry_v2,518a28b328775307e59debe9fe0cf20ac6ce40753ad794c16a6c2ff1c5d0bf06
1,1,1,0.7417838549999942,1047.421931141839,0.0225398898337438,0.0015026593222495,1.9126057821798668,90.66666666666669,,2223,192,6621,34,5365,3312,fixed,S2,S2,RALMultiRRT,1000,exact_geometry_v2,518a28b328775307e59debe9fe0cf20ac6ce40753ad794c16a6c2ff1c5d0bf06
1,1,1,0.8855044230000431,1022.5706541593114,0.0276652953911526,0.0018443530260768,2.2380227737786527,87.66666666666667,,2964,222,7766,32,6408,3988,fixed,S2,S2,RALMultiRRT,1001,exact_geometry_v2,518a28b328775307e59debe9fe0cf20ac6ce40753ad794c16a6c2ff1c5d0bf06
1,1,1,0.535945057000049,1026.3815349687156,0.0228898170708308,0.001525987804722,3.5484280148834824,88.66666666666667,,1206,171,5246,30,4196,2496,fixed,S2,S2,RALMultiRRT,1002,exact_geometry_v2,518a28b328775307e59debe9fe0cf20ac6ce40753ad794c16a6c2ff1c5d0bf06
1,1,1,0.627924701999973,1031.14989224459,0.0308258128133684,0.0020550541875578,0.6617783362775942,89.66666666666667,,1707,188,6133,28,4814,2908,fixed,S2,S2,RALMultiRRT,1003,exact_geometry_v2,518a28b328775307e59debe9fe0cf20ac6ce40753ad794c16a6c2ff1c5d0bf06
1,1,1,1.2084191569999805,1132.317932907183,0.0314527539460901,0.0020968502630726,2.342281891699713,98.0,,3360,249,10856,34,9198,5888,fixed,S2,S2,RALMultiRRT,1004,exact_geometry_v2,518a28b328775307e59debe9fe0cf20ac6ce40753ad794c16a6c2ff1c5d0bf06
1,1,1,0.6050708659998918,1032.2553678158456,0.0302821082898869,0.0020188072193257,2.2790081634211123,89.66666666666667,,1200,170,5335,32,4355,2628,fixed,S2,S2,RALMultiRRT,1005,exact_geometry_v2,518a28b328775307e59debe9fe0cf20ac6ce40753ad794c16a6c2ff1c5d0bf06
1,1,1,0.747910205999915,1040.9039705378984,0.0272449933572722,0.0018163328904848,1.928844261619332,89.66666666666667,,2625,211,7235,32,5935,3716,fixed,S2,S2,RALMultiRRT,1006,exact_geometry_v2,518a28b328775307e59debe9fe0cf20ac6ce40753ad794c16a6c2ff1c5d0bf06
1,1,1,2.7086815139998635,1141.421056420383,0.0322671859639303,0.0021511457309286,3.8157830410752975,99.0,,10470,462,22246,36,16617,12308,fixed,S2,S2,RALMultiRRT,1007,exact_geometry_v2,518a28b328775307e59debe9fe0cf20ac6ce40753ad794c16a6c2ff1c5d0bf06
1,1,1,1.354208457000027,1047.3205805583789,0.0456208362221038,0.0030413890814735,0.8212231106611316,92.0,,4170,269,10778,33,8970,5648,fixed,S2,S2,RALMultiRRT,1008,exact_geometry_v2,518a28b328775307e59debe9fe0cf20ac6ce40753ad794c16a6c2ff1c5d0bf06
1,1,1,0.5315032009999641,1038.0814879882817,0.029071792580787,0.0019381195053858,2.2790081634211123,90.0,,1203,158,5272,38,4027,2412,fixed,S2,S2,RALMultiRRT,1009,exact_geometry_v2,518a28b328775307e59debe9fe0cf20ac6ce40753ad794c16a6c2ff1c5d0bf06
1,1,1,0.7352964399999564,1039.342666809233,0.035181961025691,0.0023454640683794,1.807301772042635,91.0,,1598,180,5772,31,4839,2972,fixed,S2,S2,RALMultiRRT,1010,exact_geometry_v2,518a28b328775307e59debe9fe0cf20ac6ce40753ad794c16a6c2ff1c5d0bf06
1,1,1,1.4551257609999766,1202.8832496774728,0.0593273494463611,0.0039551566297574,0.928077398085426,106.33333333333331,,4236,293,13135,43,8797,6620,fixed,S2,S2,RALMultiRRT,1011,exact_geometry_v2,518a28b328775307e59debe9fe0cf20ac6ce40753ad794c16a6c2ff1c5d0bf06
1,1,1,0.8141357840000865,1091.210594805122,0.0349030210437857,0.0023268680695857,0.4803643384264262,95.33333333333331,,1869,215,6681,35,5574,3432,fixed,S2,S2,RALMultiRRT,1012,exact_geometry_v2,518a28b328775307e59debe9fe0cf20ac6ce40753ad794c16a6c2ff1c5d0bf06
1,1,1,1.2028625519999423,1052.4994342067723,0.0382675829858903,0.0025511721990593,1.9733329952843484,91.0,,5271,238,9737,34,8406,5596,fixed,S2,S2,RALMultiRRT,1013,exact_geometry_v2,518a28b328775307e59debe9fe0cf20ac6ce40753ad794c16a6c2ff1c5d0bf06
1,1,1,0.6011236140000165,1021.458126211884,0.0249810145307121,0.0016654009687141,0.662841848193576,88.66666666666667,,1269,163,5599,36,4484,2652,fixed,S2,S2,RALMultiRRT,1014,exact_geometry_v2,518a28b328775307e59debe9fe0cf20ac6ce40753ad794c16a6c2ff1c5d0bf06
1,1,1,1.6743421400000216,1043.5892687755202,0.0262548987547271,0.0017503265836484,0.1515669293214969,90.33333333333331,,5985,348,15755,39,11463,8920,fixed,S2,S2,RALMultiRRT,1015,exact_geometry_v2,518a28b328775307e59debe9fe0cf20ac6ce40753ad794c16a6c2ff1c5d0bf06
1,1,1,0.6112169340001401,1009.3210982821088,0.0264550847451354,0.0017636723163423,0.0261887014074488,87.33333333333333,,1899,170,6131,33,4744,2888,fixed,S2,S2,RALMultiRRT,1016,exact_geometry_v2,518a28b328775307e59debe9fe0cf20ac6ce40753ad794c16a6c2ff1c5d0bf06
1,1,1,0.5497361499998306,1029.804946521993,0.0282857972557858,0.0018857198170523,1.918911430615978,88.66666666666667,,1149,167,5140,40,4013,2432,fixed,S2,S2,RALMultiRRT,1017,exact_geometry_v2,518a28b328775307e59debe9fe0cf20ac6ce40753ad794c16a6c2ff1c5d0bf06
1,1,1,1.0304872899999964,1027.4064263443336,0.0237719635516249,0.0015847975701083,3.242385629442317,88.66666666666667,,3579,239,9037,39,8011,4992,fixed,S2,S2,RALMultiRRT,1018,exact_geometry_v2,518a28b328775307e59debe9fe0cf20ac6ce40753ad794c16a6c2ff1c5d0bf06
1,1,1,0.565711042000089,1051.7462273474314,0.0409891231375301,0.0027326082091686,2.2790081634211123,91.33333333333331,,1473,167,5505,34,4259,2560,fixed,S2,S2,RALMultiRRT,1019,exact_geometry_v2,518a28b328775307e59debe9fe0cf20ac6ce40753ad794c16a6c2ff1c5d0bf06
0,0,0,0.0476035069999625,,,,,,no_path,529,238,923,22,0,0,fixed,S2,S2,RRTStar,1000,exact_geometry_v2,518a28b328775307e59debe9fe0cf20ac6ce40753ad794c16a6c2ff1c5d0bf06
0,0,0,0.039416785999947,,,,,,no_path,722,244,604,9,0,0,fixed,S2,S2,RRTStar,1001,exact_geometry_v2,518a28b328775307e59debe9fe0cf20ac6ce40753ad794c16a6c2ff1c5d0bf06
1,1,1,0.0392947919999642,1076.7747635022176,0.0299196873653442,0.0019946458243562,0.6409354425196003,92.66666666666669,,400,189,986,30,0,0,fixed,S2,S2,RRTStar,1002,exact_geometry_v2,518a28b328775307e59debe9fe0cf20ac6ce40753ad794c16a6c2ff1c5d0bf06
1,1,1,0.0656904759999861,1225.6805170375492,0.0318194989776945,0.0021212999318463,2.5498085867512827,105.0,,405,176,1216,37,0,0,fixed,S2,S2,RRTStar,1003,exact_geometry_v2,518a28b328775307e59debe9fe0cf20ac6ce40753ad794c16a6c2ff1c5d0bf06
0,0,0,0.0491452409999055,,,,,,no_path,490,203,893,19,0,0,fixed,S2,S2,RRTStar,1004,exact_geometry_v2,518a28b328775307e59debe9fe0cf20ac6ce40753ad794c16a6c2ff1c5d0bf06
1,1,1,0.0801825740001049,1296.5341756558685,0.0316153726559718,0.0021076915103981,2.48045811490776,112.0,,577,283,1343,33,0,0,fixed,S2,S2,RRTStar,1005,exact_geometry_v2,518a28b328775307e59debe9fe0cf20ac6ce40753ad794c16a6c2ff1c5d0bf06
0,0,0,0.0537962839998726,,,,,,no_path,613,218,858,19,0,0,fixed,S2,S2,RRTStar,1006,exact_geometry_v2,518a28b328775307e59debe9fe0cf20ac6ce40753ad794c16a6c2ff1c5d0bf06
1,1,1,0.0655617010000924,1069.7719111635097,0.0480286161918446,0.0032019077461229,1.3107650978036671,93.0,,439,203,1057,29,0,0,fixed,S2,S2,RRTStar,1007,exact_geometry_v2,518a28b328775307e59debe9fe0cf20ac6ce40753ad794c16a6c2ff1c5d0bf06
1,1,1,0.0540944419999505,1056.4332719764031,0.0227376038021273,0.0015158402534751,3.827130391806362,91.33333333333331,,572,235,1241,36,0,0,fixed,S2,S2,RRTStar,1008,exact_geometry_v2,518a28b328775307e59debe9fe0cf20ac6ce40753ad794c16a6c2ff1c5d0bf06
1,1,1,0.0430047940000122,1089.741632924853,0.0466008166663944,0.0031067211110929,2.7452390469329337,94.0,,460,188,1045,29,0,0,fixed,S2,S2,RRTStar,1009,exact_geometry_v2,518a28b328775307e59debe9fe0cf20ac6ce40753ad794c16a6c2ff1c5d0bf06
0,0,0,0.0502711400000635,,,,,,no_path,518,181,758,22,0,0,fixed,S2,S2,RRTStar,1010,exact_geometry_v2,518a28b328775307e59debe9fe0cf20ac6ce40753ad794c16a6c2ff1c5d0bf06
1,1,1,0.0542418250000764,1164.410641495774,0.0453441372863129,0.0030229424857541,3.5248038826315278,101.66666666666669,,539,224,1273,37,0,0,fixed,S2,S2,RRTStar,1011,exact_geometry_v2,518a28b328775307e59debe9fe0cf20ac6ce40753ad794c16a6c2ff1c5d0bf06
1,1,1,0.0518567430000302,1151.861358142082,0.0406159641808231,0.0027077309453882,0.6475357114882172,99.33333333333331,,517,181,1068,30,0,0,fixed,S2,S2,RRTStar,1012,exact_geometry_v2,518a28b328775307e59debe9fe0cf20ac6ce40753ad794c16a6c2ff1c5d0bf06
1,1,1,0.0503547739999703,1033.13598085865,0.0288793974712616,0.0019252931647507,1.2446401574442554,89.33333333333333,,486,196,969,28,0,0,fixed,S2,S2,RRTStar,1013,exact_geometry_v2,518a28b328775307e59debe9fe0cf20ac6ce40753ad794c16a6c2ff1c5d0bf06
0,0,0,0.03781229599997,,,,,,no_path,616,169,840,22,0,0,fixed,S2,S2,RRTStar,1014,exact_geometry_v2,518a28b328775307e59debe9fe0cf20ac6ce40753ad794c16a6c2ff1c5d0bf06
1,1,1,0.03611439600013,1109.2644973477957,0.0279652192158837,0.0018643479477255,2.411007370024837,95.0,,245,165,943,29,0,0,fixed,S2,S2,RRTStar,1015,exact_geometry_v2,518a28b328775307e59debe9fe0cf20ac6ce40753ad794c16a6c2ff1c5d0bf06
0,0,0,0.0308138749999216,,,,,,no_path,578,176,679,16,0,0,fixed,S2,S2,RRTStar,1016,exact_geometry_v2,518a28b328775307e59debe9fe0cf20ac6ce40753ad794c16a6c2ff1c5d0bf06
1,1,1,0.0510386659999539,1205.3048673628334,0.0377702509692103,0.0025180167312806,0.1779947589225479,104.0,,488,205,1154,33,0,0,fixed,S2,S2,RRTStar,1017,exact_geometry_v2,518a28b328775307e59debe9fe0cf20ac6ce40753ad794c16a6c2ff1c5d0bf06
1,1,1,0.048630274000061,1148.941044582548,0.0275773647984908,0.001838490986566,1.1058160522476523,99.0,,533,208,1116,32,0,0,fixed,S2,S2,RRTStar,1018,exact_geometry_v2,518a28b328775307e59debe9fe0cf20ac6ce40753ad794c16a6c2ff1c5d0bf06
1,1,1,0.0355586480000056,1010.6406642217952,0.029224183892873,0.0019482789261915,0.4715052363209366,87.66666666666667,,332,152,940,29,0,0,fixed,S2,S2,RRTStar,1019,exact_geometry_v2,518a28b328775307e59debe9fe0cf20ac6ce40753ad794c16a6c2ff1c5d0bf06
0,0,0,0.0491259940001782,,,,,,no_path,529,238,1062,23,0,0,fixed,S2,S2,RRTStarSmart,1000,exact_geometry_v2,518a28b328775307e59debe9fe0cf20ac6ce40753ad794c16a6c2ff1c5d0bf06
0,0,0,0.0373392729999295,,,,,,no_path,722,244,670,9,0,0,fixed,S2,S2,RRTStarSmart,1001,exact_geometry_v2,518a28b328775307e59debe9fe0cf20ac6ce40753ad794c16a6c2ff1c5d0bf06
1,1,1,0.052071412000032,1069.5182589014291,0.0290258817785526,0.0019350587852368,0.6409354425196003,92.0,,400,189,1184,31,0,0,fixed,S2,S2,RRTStarSmart,1002,exact_geometry_v2,518a28b328775307e59debe9fe0cf20ac6ce40753ad794c16a6c2ff1c5d0bf06
1,1,1,0.0546359900000652,1225.6805170375492,0.0318194989776945,0.0021212999318463,2.5498085867512827,105.0,,405,176,1443,37,0,0,fixed,S2,S2,RRTStarSmart,1003,exact_geometry_v2,518a28b328775307e59debe9fe0cf20ac6ce40753ad794c16a6c2ff1c5d0bf06
0,0,0,0.0633092610000858,,,,,,no_path,490,203,1053,20,0,0,fixed,S2,S2,RRTStarSmart,1004,exact_geometry_v2,518a28b328775307e59debe9fe0cf20ac6ce40753ad794c16a6c2ff1c5d0bf06
1,1,1,0.0674167979999538,1242.3267455772984,0.0237712314852622,0.0015847487656841,2.48045811490776,106.33333333333331,,577,283,1526,35,0,0,fixed,S2,S2,RRTStarSmart,1005,exact_geometry_v2,518a28b328775307e59debe9fe0cf20ac6ce40753ad794c16a6c2ff1c5d0bf06
0,0,0,0.0708137000000306,,,,,,no_path,613,218,1024,20,0,0,fixed,S2,S2,RRTStarSmart,1006,exact_geometry_v2,518a28b328775307e59debe9fe0cf20ac6ce40753ad794c16a6c2ff1c5d0bf06
1,1,1,0.052112195000177,1065.452044118632,0.0404127127507383,0.0026941808500492,1.3107650978036671,92.66666666666669,,439,203,1318,36,0,0,fixed,S2,S2,RRTStarSmart,1007,exact_geometry_v2,518a28b328775307e59debe9fe0cf20ac6ce40753ad794c16a6c2ff1c5d0bf06
1,1,1,0.0870501260000082,1056.4332719764031,0.0227376038021273,0.0015158402534751,3.827130391806362,91.33333333333331,,572,235,1429,36,0,0,fixed,S2,S2,RRTStarSmart,1008,exact_geometry_v2,518a28b328775307e59debe9fe0cf20ac6ce40753ad794c16a6c2ff1c5d0bf06
1,1,1,0.0469842339999786,1077.6782107569113,0.0340119538399086,0.0022674635893272,2.7452390469329337,93.0,,460,188,1288,32,0,0,fixed,S2,S2,RRTStarSmart,1009,exact_geometry_v2,518a28b328775307e59debe9fe0cf20ac6ce40753ad794c16a6c2ff1c5d0bf06
0,0,0,0.0363984040000104,,,,,,no_path,518,181,903,22,0,0,fixed,S2,S2,RRTStarSmart,1010,exact_geometry_v2,518a28b328775307e59debe9fe0cf20ac6ce40753ad794c16a6c2ff1c5d0bf06
1,1,1,0.0919125780000058,1164.410641495774,0.0453441372863129,0.0030229424857541,3.5248038826315278,101.66666666666669,,539,224,1523,37,0,0,fixed,S2,S2,RRTStarSmart,1011,exact_geometry_v2,518a28b328775307e59debe9fe0cf20ac6ce40753ad794c16a6c2ff1c5d0bf06
1,1,1,0.0489255190000221,1148.552157024457,0.0391025246546603,0.0026068349769773,0.6475357114882172,99.0,,517,181,1347,39,0,0,fixed,S2,S2,RRTStarSmart,1012,exact_geometry_v2,518a28b328775307e59debe9fe0cf20ac6ce40753ad794c16a6c2ff1c5d0bf06
1,1,1,0.0452874360000805,1033.13598085865,0.0288793974712616,0.0019252931647507,1.2446401574442554,89.33333333333333,,486,196,1191,28,0,0,fixed,S2,S2,RRTStarSmart,1013,exact_geometry_v2,518a28b328775307e59debe9fe0cf20ac6ce40753ad794c16a6c2ff1c5d0bf06
0,0,0,0.0527343339999788,,,,,,no_path,616,169,991,22,0,0,fixed,S2,S2,RRTStarSmart,1014,exact_geometry_v2,518a28b328775307e59debe9fe0cf20ac6ce40753ad794c16a6c2ff1c5d0bf06
1,1,1,0.037762210999972,1109.2644973477957,0.0279652192158837,0.0018643479477255,2.411007370024837,95.0,,245,165,1147,29,0,0,fixed,S2,S2,RRTStarSmart,1015,exact_geometry_v2,518a28b328775307e59debe9fe0cf20ac6ce40753ad794c16a6c2ff1c5d0bf06
0,0,0,0.0339319769998383,,,,,,no_path,578,176,824,16,0,0,fixed,S2,S2,RRTStarSmart,1016,exact_geometry_v2,518a28b328775307e59debe9fe0cf20ac6ce40753ad794c16a6c2ff1c5d0bf06
1,1,1,0.0563519959999894,1205.3048673628334,0.0377702509692103,0.0025180167312806,0.1779947589225479,104.0,,488,205,1397,33,0,0,fixed,S2,S2,RRTStarSmart,1017,exact_geometry_v2,518a28b328775307e59debe9fe0cf20ac6ce40753ad794c16a6c2ff1c5d0bf06
1,1,1,0.0554243880000058,1148.941044582548,0.0275773647984908,0.001838490986566,1.1058160522476523,98.66666666666669,,533,208,1348,33,0,0,fixed,S2,S2,RRTStarSmart,1018,exact_geometry_v2,518a28b328775307e59debe9fe0cf20ac6ce40753ad794c16a6c2ff1c5d0bf06
1,1,1,0.0413134049999825,1010.6406642217952,0.029224183892873,0.0019482789261915,0.4715052363209366,87.66666666666667,,332,152,1181,30,0,0,fixed,S2,S2,RRTStarSmart,1019,exact_geometry_v2,518a28b328775307e59debe9fe0cf20ac6ce40753ad794c16a6c2ff1c5d0bf06
1,1,1,0.3984921139999642,774.9907406015628,0.0186384460512652,0.0012425630700843,2.0666678194723325,66.66666666666667,,12453,193,6061,30,753,0,fixed,S3,S3,APFMultiRRT,1000,exact_geometry_v2,5af3b42e819d9ae6e517764b99047ab4d795685f976d0b4e163ba290ab56adb3
1,1,1,0.5401912789999415,778.641741199368,0.0190747776710514,0.0012716518447367,2.0666678194723325,67.33333333333333,,19143,183,7719,23,871,0,fixed,S3,S3,APFMultiRRT,1001,exact_geometry_v2,5af3b42e819d9ae6e517764b99047ab4d795685f976d0b4e163ba290ab56adb3
1,1,1,0.3631450249999943,772.674544618781,0.0186845195819966,0.0012456346387997,2.0666678194723325,66.33333333333333,,15599,151,6417,27,675,0,fixed,S3,S3,APFMultiRRT,1002,exact_geometry_v2,5af3b42e819d9ae6e517764b99047ab4d795685f976d0b4e163ba290ab56adb3
1,1,1,0.3510717750000367,769.100696813673,0.0185661210692895,0.0012377414046193,0.4246428849297317,66.66666666666667,,10832,158,5145,26,644,0,fixed,S3,S3,APFMultiRRT,1003,exact_geometry_v2,5af3b42e819d9ae6e517764b99047ab4d795685f976d0b4e163ba290ab56adb3
1,1,1,0.1854619599999978,760.8242945725648,0.0168820482069421,0.0011254698804628,0.6150879155922127,65.66666666666667,,4868,142,2697,28,280,0,fixed,S3,S3,APFMultiRRT,1004,exact_geometry_v2,5af3b42e819d9ae6e517764b99047ab4d795685f976d0b4e163ba290ab56adb3
1,1,1,0.3512115250000533,778.7482038154458,0.0200034295980947,0.0013335619732063,1.9239439142211123,67.0,,15481,153,6337,26,677,0,fixed,S3,S3,APFMultiRRT,1005,exact_geometry_v2,5af3b42e819d9ae6e517764b99047ab4d795685f976d0b4e163ba290ab56adb3
1,1,1,0.1615593169999556,770.9475425530309,0.0180130468903124,0.0012008697926874,3.0728313947462755,66.33333333333333,,5200,141,2874,32,244,0,fixed,S3,S3,APFMultiRRT,1006,exact_geometry_v2,5af3b42e819d9ae6e517764b99047ab4d795685f976d0b4e163ba290ab56adb3
0,0,0,0.3850578089999317,,,,,,iteration_budget,18597,119,6464,17,741,0,fixed,S3,S3,APFMultiRRT,1007,exact_geometry_v2,5af3b42e819d9ae6e517764b99047ab4d795685f976d0b4e163ba290ab56adb3
0,0,0,0.4343814469999643,,,,,,iteration_budget,16768,143,6814,19,1000,0,fixed,S3,S3,APFMultiRRT,1008,exact_geometry_v2,5af3b42e819d9ae6e517764b99047ab4d795685f976d0b4e163ba290ab56adb3
1,1,1,0.2215837980000969,768.4370932255251,0.0179139469139236,0.0011942631275949,2.0666678194723325,66.33333333333333,,8899,141,3734,24,375,0,fixed,S3,S3,APFMultiRRT,1009,exact_geometry_v2,5af3b42e819d9ae6e517764b99047ab4d795685f976d0b4e163ba290ab56adb3
1,1,1,0.5111389670001927,767.4895379310705,0.0188407250482042,0.0012560483365469,5.120495708375959,66.66666666666667,,21168,178,8330,27,960,0,fixed,S3,S3,APFMultiRRT,1010,exact_geometry_v2,5af3b42e819d9ae6e517764b99047ab4d795685f976d0b4e163ba290ab56adb3
0,0,0,0.4354920600000014,,,,,,iteration_budget,18330,117,6899,16,746,0,fixed,S3,S3,APFMultiRRT,1011,exact_geometry_v2,5af3b42e819d9ae6e517764b99047ab4d795685f976d0b4e163ba290ab56adb3
1,1,1,0.3249260900000763,772.9726779685279,0.0189137806756242,0.0012609187117082,2.0666678194723325,66.33333333333333,,10053,165,5094,34,617,0,fixed,S3,S3,APFMultiRRT,1012,exact_geometry_v2,5af3b42e819d9ae6e517764b99047ab4d795685f976d0b4e163ba290ab56adb3
1,1,1,0.3679786010000043,768.8868657517877,0.0179099209700534,0.0011939947313368,2.707548696836808,66.0,,15136,161,6349,24,656,0,fixed,S3,S3,APFMultiRRT,1013,exact_geometry_v2,5af3b42e819d9ae6e517764b99047ab4d795685f976d0b4e163ba290ab56adb3
0,0,0,0.3633759880000298,,,,,,iteration_budget,12867,108,5374,14,743,0,fixed,S3,S3,APFMultiRRT,1014,exact_geometry_v2,5af3b42e819d9ae6e517764b99047ab4d795685f976d0b4e163ba290ab56adb3
1,1,1,0.4147087540001166,787.1222159603943,0.0382265785641511,0.0025484385709434,0.1334946338757472,68.66666666666667,,17287,139,6530,30,695,0,fixed,S3,S3,APFMultiRRT,1015,exact_geometry_v2,5af3b42e819d9ae6e517764b99047ab4d795685f976d0b4e163ba290ab56adb3
1,1,1,0.2863413600000513,779.9821053605805,0.0188529398134189,0.0012568626542279,2.0666678194723325,67.0,,8556,142,4250,27,520,0,fixed,S3,S3,APFMultiRRT,1016,exact_geometry_v2,5af3b42e819d9ae6e517764b99047ab4d795685f976d0b4e163ba290ab56adb3
1,1,1,0.445696464999969,771.0914816160436,0.018387389062258,0.0012258259374838,1.047002455831887,66.66666666666667,,16823,178,7145,28,835,0,fixed,S3,S3,APFMultiRRT,1017,exact_geometry_v2,5af3b42e819d9ae6e517764b99047ab4d795685f976d0b4e163ba290ab56adb3
1,1,1,0.2355377439998847,783.4829281362264,0.0190708798776469,0.0012713919918431,2.0666678194723325,67.33333333333333,,7641,159,3932,25,473,0,fixed,S3,S3,APFMultiRRT,1018,exact_geometry_v2,5af3b42e819d9ae6e517764b99047ab4d795685f976d0b4e163ba290ab56adb3
0,0,0,0.3623809220000566,,,,,,iteration_budget,18333,98,6368,13,737,0,fixed,S3,S3,APFMultiRRT,1019,exact_geometry_v2,5af3b42e819d9ae6e517764b99047ab4d795685f976d0b4e163ba290ab56adb3
1,1,1,0.0218317220000017,769.2040440168124,0.0280425612528202,0.0018695040835213,0.5798895845432241,67.0,,421,139,650,24,0,0,fixed,S3,S3,MultiRRT,1000,exact_geometry_v2,5af3b42e819d9ae6e517764b99047ab4d795685f976d0b4e163ba290ab56adb3
1,1,1,0.0202967090000356,782.0590699563685,0.0182208408791604,0.0012147227252773,0.2475455019429446,67.33333333333333,,409,152,619,22,0,0,fixed,S3,S3,MultiRRT,1001,exact_geometry_v2,5af3b42e819d9ae6e517764b99047ab4d795685f976d0b4e163ba290ab56adb3
0,0,0,0.0138956389999975,,,,,,no_path,535,153,228,5,0,0,fixed,S3,S3,MultiRRT,1002,exact_geometry_v2,5af3b42e819d9ae6e517764b99047ab4d795685f976d0b4e163ba290ab56adb3
0,0,0,0.0172994809998954,,,,,,no_path,630,172,279,5,0,0,fixed,S3,S3,MultiRRT,1003,exact_geometry_v2,5af3b42e819d9ae6e517764b99047ab4d795685f976d0b4e163ba290ab56adb3
0,0,0,0.0256384299999581,,,,,,no_path,354,110,424,16,0,0,fixed,S3,S3,MultiRRT,1004,exact_geometry_v2,5af3b42e819d9ae6e517764b99047ab4d795685f976d0b4e163ba290ab56adb3
0,0,0,0.0217835180000065,,,,,,no_path,543,186,271,5,0,0,fixed,S3,S3,MultiRRT,1005,exact_geometry_v2,5af3b42e819d9ae6e517764b99047ab4d795685f976d0b4e163ba290ab56adb3
0,0,0,0.0117099320000306,,,,,,no_path,316,93,309,11,0,0,fixed,S3,S3,MultiRRT,1006,exact_geometry_v2,5af3b42e819d9ae6e517764b99047ab4d795685f976d0b4e163ba290ab56adb3
0,0,0,0.0176715710000507,,,,,,no_path,432,129,444,19,0,0,fixed,S3,S3,MultiRRT,1007,exact_geometry_v2,5af3b42e819d9ae6e517764b99047ab4d795685f976d0b4e163ba290ab56adb3
0,0,0,0.0236681200000248,,,,,,no_path,541,173,557,19,0,0,fixed,S3,S3,MultiRRT,1008,exact_geometry_v2,5af3b42e819d9ae6e517764b99047ab4d795685f976d0b4e163ba290ab56adb3
0,0,0,0.0168584860000464,,,,,,no_path,418,129,388,12,0,0,fixed,S3,S3,MultiRRT,1009,exact_geometry_v2,5af3b42e819d9ae6e517764b99047ab4d795685f976d0b4e163ba290ab56adb3
1,1,1,0.0248380340000267,785.7820591088524,0.0222399985376553,0.001482666569177,0.0308281295932246,67.0,,522,168,680,26,0,0,fixed,S3,S3,MultiRRT,1010,exact_geometry_v2,5af3b42e819d9ae6e517764b99047ab4d795685f976d0b4e163ba290ab56adb3
0,0,0,0.0238397499998654,,,,,,no_path,651,214,318,4,0,0,fixed,S3,S3,MultiRRT,1011,exact_geometry_v2,5af3b42e819d9ae6e517764b99047ab4d795685f976d0b4e163ba290ab56adb3
0,0,0,0.0142598479999378,,,,,,no_path,433,117,345,11,0,0,fixed,S3,S3,MultiRRT,1012,exact_geometry_v2,5af3b42e819d9ae6e517764b99047ab4d795685f976d0b4e163ba290ab56adb3
1,1,1,0.02263258999983,804.2867109290904,0.0243813962134354,0.001625426414229,9.612958586734344,69.0,,416,147,684,25,0,0,fixed,S3,S3,MultiRRT,1013,exact_geometry_v2,5af3b42e819d9ae6e517764b99047ab4d795685f976d0b4e163ba290ab56adb3
0,0,0,0.0159235949998901,,,,,,no_path,421,127,408,14,0,0,fixed,S3,S3,MultiRRT,1014,exact_geometry_v2,5af3b42e819d9ae6e517764b99047ab4d795685f976d0b4e163ba290ab56adb3
0,0,0,0.0138664050000443,,,,,,no_path,338,101,345,13,0,0,fixed,S3,S3,MultiRRT,1015,exact_geometry_v2,5af3b42e819d9ae6e517764b99047ab4d795685f976d0b4e163ba290ab56adb3
1,1,1,0.0220299810000597,880.6888219415423,0.0211509713630631,0.0014100647575375,1.5746775511397573,76.0,,417,125,665,24,0,0,fixed,S3,S3,MultiRRT,1016,exact_geometry_v2,5af3b42e819d9ae6e517764b99047ab4d795685f976d0b4e163ba290ab56adb3
0,0,0,0.0148264519998519,,,,,,no_path,322,123,396,14,0,0,fixed,S3,S3,MultiRRT,1017,exact_geometry_v2,5af3b42e819d9ae6e517764b99047ab4d795685f976d0b4e163ba290ab56adb3
0,0,0,0.0155685299999959,,,,,,no_path,545,185,278,5,0,0,fixed,S3,S3,MultiRRT,1018,exact_geometry_v2,5af3b42e819d9ae6e517764b99047ab4d795685f976d0b4e163ba290ab56adb3
0,0,0,0.0162977889999638,,,,,,no_path,488,95,412,14,0,0,fixed,S3,S3,MultiRRT,1019,exact_geometry_v2,5af3b42e819d9ae6e517764b99047ab4d795685f976d0b4e163ba290ab56adb3
1,1,1,0.4349050899999156,793.1899316861108,0.0382914352390862,0.0025527623492724,1.615183903762734,70.0,,1896,139,4381,24,3452,2108,fixed,S3,S3,RALMultiRRT,1000,exact_geometry_v2,5af3b42e819d9ae6e517764b99047ab4d795685f976d0b4e163ba290ab56adb3
1,1,1,1.3144117560000268,790.0484463038009,0.0252721238572347,0.0016848082571489,0.5108948650001324,69.33333333333333,,12212,267,12834,28,10412,6940,fixed,S3,S3,RALMultiRRT,1001,exact_geometry_v2,5af3b42e819d9ae6e517764b99047ab4d795685f976d0b4e163ba290ab56adb3
1,1,1,1.4867820040000197,781.3555834436447,0.0233437316262104,0.0015562487750806,3.220728066920288,67.33333333333333,,12398,302,13675,26,13101,8480,fixed,S3,S3,RALMultiRRT,1002,exact_geometry_v2,5af3b42e819d9ae6e517764b99047ab4d795685f976d0b4e163ba290ab56adb3
1,1,1,1.167649474999962,768.759860321752,0.0192409694081384,0.0012827312938758,1.7018053275636331,66.66666666666667,,10788,243,11916,27,10038,6200,fixed,S3,S3,RALMultiRRT,1003,exact_geometry_v2,5af3b42e819d9ae6e517764b99047ab4d795685f976d0b4e163ba290ab56adb3
1,1,1,0.5293519089999563,783.8901345897917,0.0248172650947712,0.0016544843396514,1.5318249740391057,67.66666666666667,,3025,176,5440,23,4506,2740,fixed,S3,S3,RALMultiRRT,1004,exact_geometry_v2,5af3b42e819d9ae6e517764b99047ab4d795685f976d0b4e163ba290ab56adb3
1,1,1,1.1550351150000324,773.9969586951673,0.0329876654855417,0.0021991776990361,0.6110610512528751,67.33333333333333,,9230,206,9782,24,8842,6168,fixed,S3,S3,RALMultiRRT,1005,exact_geometry_v2,5af3b42e819d9ae6e517764b99047ab4d795685f976d0b4e163ba290ab56adb3
1,1,1,0.8816790449999417,767.8831199559072,0.0217948029645821,0.0014529868643054,2.388162639907687,66.33333333333333,,7425,206,8149,28,6860,4224,fixed,S3,S3,RALMultiRRT,1006,exact_geometry_v2,5af3b42e819d9ae6e517764b99047ab4d795685f976d0b4e163ba290ab56adb3
0,0,0,1.6135461789998544,,,,,,iteration_budget,13936,317,13254,15,13663,9196,fixed,S3,S3,RALMultiRRT,1007,exact_geometry_v2,5af3b42e819d9ae6e517764b99047ab4d795685f976d0b4e163ba290ab56adb3
1,1,1,1.175747587999922,794.434031783055,0.0305058385119743,0.0020337225674649,0.679484158766158,69.0,,6918,240,10524,25,11103,7424,fixed,S3,S3,RALMultiRRT,1008,exact_geometry_v2,5af3b42e819d9ae6e517764b99047ab4d795685f976d0b4e163ba290ab56adb3
1,1,1,1.489392979999934,856.1772297404987,0.0301997052708317,0.0020133136847221,2.659521225898516,75.0,,10062,293,11744,28,12104,7744,fixed,S3,S3,RALMultiRRT,1009,exact_geometry_v2,5af3b42e819d9ae6e517764b99047ab4d795685f976d0b4e163ba290ab56adb3
1,1,1,0.8510870540000042,804.0395320978549,0.0330573935505045,0.0022038262367003,0.928796885986344,70.33333333333333,,6009,199,7873,27,8152,5572,fixed,S3,S3,RALMultiRRT,1010,exact_geometry_v2,5af3b42e819d9ae6e517764b99047ab4d795685f976d0b4e163ba290ab56adb3
0,0,0,1.334858832000009,,,,,,iteration_budget,14736,206,12205,15,11622,7428,fixed,S3,S3,RALMultiRRT,1011,exact_geometry_v2,5af3b42e819d9ae6e517764b99047ab4d795685f976d0b4e163ba290ab56adb3
1,1,1,0.963580216000082,908.1395735109668,0.0509235131833774,0.0033949008788918,0.7549408077971549,81.0,,5760,221,7688,30,7824,5416,fixed,S3,S3,RALMultiRRT,1012,exact_geometry_v2,5af3b42e819d9ae6e517764b99047ab4d795685f976d0b4e163ba290ab56adb3
1,1,1,0.399208058999875,795.051875361535,0.0433108474953472,0.0028873898330231,1.6740662478581854,70.33333333333333,,1910,127,4335,28,3656,2308,fixed,S3,S3,RALMultiRRT,1013,exact_geometry_v2,5af3b42e819d9ae6e517764b99047ab4d795685f976d0b4e163ba290ab56adb3
1,1,1,0.8967882239999199,777.4527132523845,0.0284505318393492,0.0018967021226232,2.630135268484992,67.66666666666667,,8334,212,8286,26,7322,4444,fixed,S3,S3,RALMultiRRT,1014,exact_geometry_v2,5af3b42e819d9ae6e517764b99047ab4d795685f976d0b4e163ba290ab56adb3
1,1,1,1.1354243709998857,795.3977898504036,0.0234226199369272,0.0015615079957951,8.023447987882264,68.66666666666667,,8611,272,9703,25,9815,6524,fixed,S3,S3,RALMultiRRT,1015,exact_geometry_v2,5af3b42e819d9ae6e517764b99047ab4d795685f976d0b4e163ba290ab56adb3
1,1,1,0.6799136449999423,804.9682836066222,0.0272850139099964,0.001819000927333,2.1795493010667144,69.33333333333333,,5243,219,7136,30,7390,4968,fixed,S3,S3,RALMultiRRT,1016,exact_geometry_v2,5af3b42e819d9ae6e517764b99047ab4d795685f976d0b4e163ba290ab56adb3
1,1,1,0.8559039109999276,800.55800589497,0.0327702149727131,0.0021846809981808,3.3879530693806004,70.0,,7737,204,7372,28,6446,4248,fixed,S3,S3,RALMultiRRT,1017,exact_geometry_v2,5af3b42e819d9ae6e517764b99047ab4d795685f976d0b4e163ba290ab56adb3
1,1,1,0.9370415930000036,863.1402272481208,0.0280115969577066,0.0018674397971804,4.865084382544584,75.0,,7842,248,9567,28,9316,6152,fixed,S3,S3,RALMultiRRT,1018,exact_geometry_v2,5af3b42e819d9ae6e517764b99047ab4d795685f976d0b4e163ba290ab56adb3
1,1,1,0.741000538999856,767.5273262435285,0.0218589496410878,0.0014572633094058,1.1235602891906638,66.33333333333333,,5590,221,8152,24,7603,4936,fixed,S3,S3,RALMultiRRT,1019,exact_geometry_v2,5af3b42e819d9ae6e517764b99047ab4d795685f976d0b4e163ba290ab56adb3
1,1,1,0.0271358579999514,762.8024960095671,0.0289145810007818,0.0019276387333854,1.1247221635393458,65.66666666666667,,492,188,764,22,0,0,fixed,S3,S3,RRTStar,1000,exact_geometry_v2,5af3b42e819d9ae6e517764b99047ab4d795685f976d0b4e163ba290ab56adb3
1,1,1,0.0281440580000662,766.5115741977276,0.0180942430710922,0.0012062828714061,0.2475455019429446,66.0,,472,201,771,23,0,0,fixed,S3,S3,RRTStar,1001,exact_geometry_v2,5af3b42e819d9ae6e517764b99047ab4d795685f976d0b4e163ba290ab56adb3
0,0,0,0.0190473849999079,,,,,,no_path,558,171,329,4,0,0,fixed,S3,S3,RRTStar,1002,exact_geometry_v2,5af3b42e819d9ae6e517764b99047ab4d795685f976d0b4e163ba290ab56adb3
0,0,0,0.0210240339999927,,,,,,no_path,652,186,374,6,0,0,fixed,S3,S3,RRTStar,1003,exact_geometry_v2,5af3b42e819d9ae6e517764b99047ab4d795685f976d0b4e163ba290ab56adb3
0,0,0,0.0187795219999316,,,,,,no_path,398,133,472,15,0,0,fixed,S3,S3,RRTStar,1004,exact_geometry_v2,5af3b42e819d9ae6e517764b99047ab4d795685f976d0b4e163ba290ab56adb3
0,0,0,0.0201472829999147,,,,,,no_path,564,200,377,6,0,0,fixed,S3,S3,RRTStar,1005,exact_geometry_v2,5af3b42e819d9ae6e517764b99047ab4d795685f976d0b4e163ba290ab56adb3
0,0,0,0.0165914100000463,,,,,,no_path,360,120,435,13,0,0,fixed,S3,S3,RRTStar,1006,exact_geometry_v2,5af3b42e819d9ae6e517764b99047ab4d795685f976d0b4e163ba290ab56adb3
0,0,0,0.0196810909999385,,,,,,no_path,475,156,464,13,0,0,fixed,S3,S3,RRTStar,1007,exact_geometry_v2,5af3b42e819d9ae6e517764b99047ab4d795685f976d0b4e163ba290ab56adb3
0,0,0,0.0391000260000282,,,,,,no_path,585,202,610,12,0,0,fixed,S3,S3,RRTStar,1008,exact_geometry_v2,5af3b42e819d9ae6e517764b99047ab4d795685f976d0b4e163ba290ab56adb3
0,0,0,0.0189198130000249,,,,,,no_path,463,157,448,12,0,0,fixed,S3,S3,RRTStar,1009,exact_geometry_v2,5af3b42e819d9ae6e517764b99047ab4d795685f976d0b4e163ba290ab56adb3
1,1,1,0.0328310950000059,778.6379232975319,0.0205140528030793,0.0013676035202052,0.0240838484025616,67.0,,579,201,828,25,0,0,fixed,S3,S3,RRTStar,1010,exact_geometry_v2,5af3b42e819d9ae6e517764b99047ab4d795685f976d0b4e163ba290ab56adb3
0,0,0,0.0380431209998732,,,,,,no_path,677,229,440,4,0,0,fixed,S3,S3,RRTStar,1011,exact_geometry_v2,5af3b42e819d9ae6e517764b99047ab4d795685f976d0b4e163ba290ab56adb3
0,0,0,0.0270505900000443,,,,,,no_path,476,149,439,11,0,0,fixed,S3,S3,RRTStar,1012,exact_geometry_v2,5af3b42e819d9ae6e517764b99047ab4d795685f976d0b4e163ba290ab56adb3
1,1,1,0.0304745409999895,801.5789633749567,0.0279265078280796,0.0018617671885386,9.208253901074883,69.33333333333333,,487,195,784,22,0,0,fixed,S3,S3,RRTStar,1013,exact_geometry_v2,5af3b42e819d9ae6e517764b99047ab4d795685f976d0b4e163ba290ab56adb3
0,0,0,0.0302358010000034,,,,,,no_path,467,154,501,13,0,0,fixed,S3,S3,RRTStar,1014,exact_geometry_v2,5af3b42e819d9ae6e517764b99047ab4d795685f976d0b4e163ba290ab56adb3
0,0,0,0.0228938440001229,,,,,,no_path,387,130,420,12,0,0,fixed,S3,S3,RRTStar,1015,exact_geometry_v2,5af3b42e819d9ae6e517764b99047ab4d795685f976d0b4e163ba290ab56adb3
1,1,1,0.0252995810000129,868.5398523121203,0.0180665738974719,0.0012044382598314,1.9563823137608551,75.0,,462,160,724,21,0,0,fixed,S3,S3,RRTStar,1016,exact_geometry_v2,5af3b42e819d9ae6e517764b99047ab4d795685f976d0b4e163ba290ab56adb3
0,0,0,0.0208562020001181,,,,,,no_path,365,155,530,17,0,0,fixed,S3,S3,RRTStar,1017,exact_geometry_v2,5af3b42e819d9ae6e517764b99047ab4d795685f976d0b4e163ba290ab56adb3
0,0,0,0.0264053879999437,,,,,,no_path,566,197,371,5,0,0,fixed,S3,S3,RRTStar,1018,exact_geometry_v2,5af3b42e819d9ae6e517764b99047ab4d795685f976d0b4e163ba290ab56adb3
0,0,0,0.0220355589999599,,,,,,no_path,533,127,506,16,0,0,fixed,S3,S3,RRTStar,1019,exact_geometry_v2,5af3b42e819d9ae6e517764b99047ab4d795685f976d0b4e163ba290ab56adb3
1,1,1,0.0387449340000785,762.8024960095671,0.0289145810007818,0.0019276387333854,1.1247221635393458,65.66666666666667,,492,188,905,22,0,0,fixed,S3,S3,RRTStarSmart,1000,exact_geometry_v2,5af3b42e819d9ae6e517764b99047ab4d795685f976d0b4e163ba290ab56adb3
1,1,1,0.0363190130000248,766.5115741977276,0.0180942430710922,0.0012062828714061,0.2475455019429446,66.0,,472,201,904,23,0,0,fixed,S3,S3,RRTStarSmart,1001,exact_geometry_v2,5af3b42e819d9ae6e517764b99047ab4d795685f976d0b4e163ba290ab56adb3
0,0,0,0.0193078369999284,,,,,,no_path,558,171,329,4,0,0,fixed,S3,S3,RRTStarSmart,1002,exact_geometry_v2,5af3b42e819d9ae6e517764b99047ab4d795685f976d0b4e163ba290ab56adb3
0,0,0,0.0221417910001946,,,,,,no_path,652,186,374,6,0,0,fixed,S3,S3,RRTStarSmart,1003,exact_geometry_v2,5af3b42e819d9ae6e517764b99047ab4d795685f976d0b4e163ba290ab56adb3
0,0,0,0.0317927270000382,,,,,,no_path,398,133,554,15,0,0,fixed,S3,S3,RRTStarSmart,1004,exact_geometry_v2,5af3b42e819d9ae6e517764b99047ab4d795685f976d0b4e163ba290ab56adb3
0,0,0,0.0211322280000558,,,,,,no_path,564,200,377,6,0,0,fixed,S3,S3,RRTStarSmart,1005,exact_geometry_v2,5af3b42e819d9ae6e517764b99047ab4d795685f976d0b4e163ba290ab56adb3
0,0,0,0.0210772140000017,,,,,,no_path,360,120,513,13,0,0,fixed,S3,S3,RRTStarSmart,1006,exact_geometry_v2,5af3b42e819d9ae6e517764b99047ab4d795685f976d0b4e163ba290ab56adb3
0,0,0,0.0231434900000522,,,,,,no_path,475,156,520,13,0,0,fixed,S3,S3,RRTStarSmart,1007,exact_geometry_v2,5af3b42e819d9ae6e517764b99047ab4d795685f976d0b4e163ba290ab56adb3
0,0,0,0.0405086069998787,,,,,,no_path,585,202,658,12,0,0,fixed,S3,S3,RRTStarSmart,1008,exact_geometry_v2,5af3b42e819d9ae6e517764b99047ab4d795685f976d0b4e163ba290ab56adb3
0,0,0,0.0214512380000542,,,,,,no_path,463,157,525,12,0,0,fixed,S3,S3,RRTStarSmart,1009,exact_geometry_v2,5af3b42e819d9ae6e517764b99047ab4d795685f976d0b4e163ba290ab56adb3
1,1,1,0.0331842460000189,778.6379232975319,0.0205140528030793,0.0013676035202052,0.0240838484025616,67.0,,579,201,938,25,0,0,fixed,S3,S3,RRTStarSmart,1010,exact_geometry_v2,5af3b42e819d9ae6e517764b99047ab4d795685f976d0b4e163ba290ab56adb3
0,0,0,0.0253229160001637,,,,,,no_path,677,229,440,4,0,0,fixed,S3,S3,RRTStarSmart,1011,exact_geometry_v2,5af3b42e819d9ae6e517764b99047ab4d795685f976d0b4e163ba290ab56adb3
0,0,0,0.0234802670000817,,,,,,no_path,476,149,514,11,0,0,fixed,S3,S3,RRTStarSmart,1012,exact_geometry_v2,5af3b42e819d9ae6e517764b99047ab4d795685f976d0b4e163ba290ab56adb3
1,1,1,0.0302791359999901,801.5789633749567,0.0279265078280796,0.0018617671885386,9.208253901074883,69.33333333333333,,487,195,923,22,0,0,fixed,S3,S3,RRTStarSmart,1013,exact_geometry_v2,5af3b42e819d9ae6e517764b99047ab4d795685f976d0b4e163ba290ab56adb3
0,0,0,0.0226984980000679,,,,,,no_path,467,154,567,13,0,0,fixed,S3,S3,RRTStarSmart,1014,exact_geometry_v2,5af3b42e819d9ae6e517764b99047ab4d795685f976d0b4e163ba290ab56adb3
0,0,0,0.0175062610001077,,,,,,no_path,387,130,493,12,0,0,fixed,S3,S3,RRTStarSmart,1015,exact_geometry_v2,5af3b42e819d9ae6e517764b99047ab4d795685f976d0b4e163ba290ab56adb3
1,1,1,0.0267410829999334,868.5398523121203,0.0180665738974719,0.0012044382598314,1.9563823137608551,75.0,,462,160,852,21,0,0,fixed,S3,S3,RRTStarSmart,1016,exact_geometry_v2,5af3b42e819d9ae6e517764b99047ab4d795685f976d0b4e163ba290ab56adb3
0,0,0,0.0282346949999237,,,,,,no_path,365,155,606,17,0,0,fixed,S3,S3,RRTStarSmart,1017,exact_geometry_v2,5af3b42e819d9ae6e517764b99047ab4d795685f976d0b4e163ba290ab56adb3
0,0,0,0.0219661350000706,,,,,,no_path,566,197,371,5,0,0,fixed,S3,S3,RRTStarSmart,1018,exact_geometry_v2,5af3b42e819d9ae6e517764b99047ab4d795685f976d0b4e163ba290ab56adb3
0,0,0,0.0223273389999576,,,,,,no_path,533,127,574,16,0,0,fixed,S3,S3,RRTStarSmart,1019,exact_geometry_v2,5af3b42e819d9ae6e517764b99047ab4d795685f976d0b4e163ba290ab56adb3
1,1,1,0.0459191750001082,988.772593617619,0.027748503823639,0.0018499002549092,1.6181611364249875,85.33333333333333,,891,143,1676,32,95,0,fixed,S4,S4,APFMultiRRT,1000,exact_geometry_v2,11cd0a4e1dd76081602eff3f8be61a00f096d41167207c78f5dd747166749e8e
1,1,1,0.0564406400000052,961.0600712292348,0.0148158388846263,0.0009877225923084,0.0877350485568726,83.0,,846,147,1591,30,94,0,fixed,S4,S4,APFMultiRRT,1001,exact_geometry_v2,11cd0a4e1dd76081602eff3f8be61a00f096d41167207c78f5dd747166749e8e
1,1,1,0.0626709419999542,998.5702907424442,0.0223427368799719,0.0014895157919981,0.7892367699680776,86.33333333333333,,1320,169,1928,31,120,0,fixed,S4,S4,APFMultiRRT,1002,exact_geometry_v2,11cd0a4e1dd76081602eff3f8be61a00f096d41167207c78f5dd747166749e8e
1,1,1,0.0538872500000024,944.778151616502,0.0096443403048974,0.0006429560203264,0.4469308820586732,81.0,,858,146,1485,25,90,0,fixed,S4,S4,APFMultiRRT,1003,exact_geometry_v2,11cd0a4e1dd76081602eff3f8be61a00f096d41167207c78f5dd747166749e8e
1,1,1,0.0428333720001319,945.0809840540423,0.0100167722819186,0.0006677848187945,1.4547133503339469,81.0,,852,162,1559,31,88,0,fixed,S4,S4,APFMultiRRT,1004,exact_geometry_v2,11cd0a4e1dd76081602eff3f8be61a00f096d41167207c78f5dd747166749e8e
1,1,1,0.0439058679999107,939.8253474215944,0.0139891024975157,0.0009326068331677,4.882725317001935,81.0,,819,142,1518,27,87,0,fixed,S4,S4,APFMultiRRT,1005,exact_geometry_v2,11cd0a4e1dd76081602eff3f8be61a00f096d41167207c78f5dd747166749e8e
1,1,1,0.0427755540000589,968.9007590043396,0.0263382719808319,0.0017558847987221,0.895048947476532,83.66666666666667,,780,152,1513,31,84,0,fixed,S4,S4,APFMultiRRT,1006,exact_geometry_v2,11cd0a4e1dd76081602eff3f8be61a00f096d41167207c78f5dd747166749e8e
1,1,1,0.0534175909999703,955.6029559260515,0.0149514566484638,0.0009967637765642,1.3782030853092664,82.0,,1047,142,1623,26,99,0,fixed,S4,S4,APFMultiRRT,1007,exact_geometry_v2,11cd0a4e1dd76081602eff3f8be61a00f096d41167207c78f5dd747166749e8e
1,1,1,0.0453674440000213,990.0122081717064,0.0202802097271638,0.0013520139818109,0.4469308820586732,85.33333333333333,,777,140,1616,32,81,0,fixed,S4,S4,APFMultiRRT,1008,exact_geometry_v2,11cd0a4e1dd76081602eff3f8be61a00f096d41167207c78f5dd747166749e8e
1,1,1,0.0474870379999856,979.8923281712092,0.0197408230422452,0.001316054869483,0.7351184697660074,84.0,,870,137,1500,24,90,0,fixed,S4,S4,APFMultiRRT,1009,exact_geometry_v2,11cd0a4e1dd76081602eff3f8be61a00f096d41167207c78f5dd747166749e8e
1,1,1,0.0412905060001094,949.227440489995,0.0247512531529786,0.0016500835435319,0.8228674662622737,82.33333333333333,,699,129,1395,26,75,0,fixed,S4,S4,APFMultiRRT,1010,exact_geometry_v2,11cd0a4e1dd76081602eff3f8be61a00f096d41167207c78f5dd747166749e8e
1,1,1,0.0419681380001293,965.6081762280896,0.0239377891881873,0.0015958526125458,3.8071742294601942,83.33333333333333,,762,135,1474,25,82,0,fixed,S4,S4,APFMultiRRT,1011,exact_geometry_v2,11cd0a4e1dd76081602eff3f8be61a00f096d41167207c78f5dd747166749e8e
1,1,1,0.0410327560000496,937.6431903695296,0.0139201725089354,0.0009280115005956,0.3553641879291263,81.0,,828,147,1446,22,88,0,fixed,S4,S4,APFMultiRRT,1012,exact_geometry_v2,11cd0a4e1dd76081602eff3f8be61a00f096d41167207c78f5dd747166749e8e
1,1,1,0.0503919390000646,968.4135324397828,0.0121421592044841,0.0008094772802989,3.0531476019149864,83.33333333333333,,1119,168,1712,26,115,0,fixed,S4,S4,APFMultiRRT,1013,exact_geometry_v2,11cd0a4e1dd76081602eff3f8be61a00f096d41167207c78f5dd747166749e8e
1,1,1,0.0434548790000235,972.1653224370395,0.0243786153672792,0.0016252410244852,0.274827217464086,84.33333333333333,,813,142,1504,30,89,0,fixed,S4,S4,APFMultiRRT,1014,exact_geometry_v2,11cd0a4e1dd76081602eff3f8be61a00f096d41167207c78f5dd747166749e8e
1,1,1,0.0582134520001318,998.5710065628332,0.0316536302279333,0.0021102420151955,0.6225657219509415,86.0,,942,155,1734,32,94,0,fixed,S4,S4,APFMultiRRT,1015,exact_geometry_v2,11cd0a4e1dd76081602eff3f8be61a00f096d41167207c78f5dd747166749e8e
1,1,1,0.0454417360001571,966.6424157064016,0.0251879237414923,0.0016791949160994,4.231398426779997,83.66666666666667,,822,155,1540,25,86,0,fixed,S4,S4,APFMultiRRT,1016,exact_geometry_v2,11cd0a4e1dd76081602eff3f8be61a00f096d41167207c78f5dd747166749e8e
1,1,1,0.0493941839999934,968.0737191471276,0.0172376877300022,0.0011491791820001,4.454820294754136,83.0,,870,138,1583,28,90,0,fixed,S4,S4,APFMultiRRT,1017,exact_geometry_v2,11cd0a4e1dd76081602eff3f8be61a00f096d41167207c78f5dd747166749e8e
1,1,1,0.048279123000043,1021.3126162725484,0.0358566611146802,0.002390444074312,0.3971916835439728,88.66666666666667,,846,148,1704,34,86,0,fixed,S4,S4,APFMultiRRT,1018,exact_geometry_v2,11cd0a4e1dd76081602eff3f8be61a00f096d41167207c78f5dd747166749e8e
1,1,1,0.0490306849999342,978.3372480787908,0.019212292516263,0.0012808195010842,2.75468872929099,84.33333333333333,,1053,146,1651,27,97,0,fixed,S4,S4,APFMultiRRT,1019,exact_geometry_v2,11cd0a4e1dd76081602eff3f8be61a00f096d41167207c78f5dd747166749e8e
1,1,1,0.0139012889999321,993.9328035173464,0.0324717345594029,0.0021647823039601,3.877332260643662,85.66666666666667,,165,98,714,21,0,0,fixed,S4,S4,MultiRRT,1000,exact_geometry_v2,11cd0a4e1dd76081602eff3f8be61a00f096d41167207c78f5dd747166749e8e
1,1,1,0.0172490169999264,1005.3455783389858,0.036749869210164,0.0024499912806776,1.2388770921936183,87.0,,182,106,963,37,0,0,fixed,S4,S4,MultiRRT,1001,exact_geometry_v2,11cd0a4e1dd76081602eff3f8be61a00f096d41167207c78f5dd747166749e8e
1,1,1,0.0156470019999233,1056.889663698022,0.0305866328070549,0.0020391088538036,1.9672173913861712,91.0,,287,137,962,35,0,0,fixed,S4,S4,MultiRRT,1002,exact_geometry_v2,11cd0a4e1dd76081602eff3f8be61a00f096d41167207c78f5dd747166749e8e
1,1,1,0.0076249760001019,961.2994350415772,0.0189997369325366,0.0012666491288357,1.1973452269069824,82.0,,128,92,611,20,0,0,fixed,S4,S4,MultiRRT,1003,exact_geometry_v2,11cd0a4e1dd76081602eff3f8be61a00f096d41167207c78f5dd747166749e8e
1,1,1,0.0167870420001463,1144.359057641351,0.0402408821899865,0.0026827254793324,1.2127455719847262,99.0,,368,159,962,33,0,0,fixed,S4,S4,MultiRRT,1004,exact_geometry_v2,11cd0a4e1dd76081602eff3f8be61a00f096d41167207c78f5dd747166749e8e
1,1,1,0.0145403519999263,1018.2847977580226,0.0415087767785627,0.0027672517852375,0.2936525735712365,87.66666666666667,,307,156,883,26,0,0,fixed,S4,S4,MultiRRT,1005,exact_geometry_v2,11cd0a4e1dd76081602eff3f8be61a00f096d41167207c78f5dd747166749e8e
1,1,1,0.015118153000003,946.1507598971366,0.0178695644449919,0.0011913042963327,1.9735800270170645,81.0,,347,177,760,22,0,0,fixed,S4,S4,MultiRRT,1006,exact_geometry_v2,11cd0a4e1dd76081602eff3f8be61a00f096d41167207c78f5dd747166749e8e
1,1,1,0.0128876909999462,1053.8604264768176,0.0265911280445501,0.0017727418696366,0.6908682833547815,90.33333333333331,,284,133,785,23,0,0,fixed,S4,S4,MultiRRT,1007,exact_geometry_v2,11cd0a4e1dd76081602eff3f8be61a00f096d41167207c78f5dd747166749e8e
1,1,1,0.0109727540000221,996.9349762825616,0.0242774130291814,0.0016184942019454,0.3345373953210213,85.66666666666667,,215,97,767,22,0,0,fixed,S4,S4,MultiRRT,1008,exact_geometry_v2,11cd0a4e1dd76081602eff3f8be61a00f096d41167207c78f5dd747166749e8e
1,1,1,0.0224979919998986,1038.917352568249,0.0349303147002257,0.0023286876466817,0.7655429815100092,89.33333333333333,,211,123,1168,39,0,0,fixed,S4,S4,MultiRRT,1009,exact_geometry_v2,11cd0a4e1dd76081602eff3f8be61a00f096d41167207c78f5dd747166749e8e
1,1,1,0.0097273769998764,982.7988048474014,0.043949532858213,0.0029299688572142,1.237724400001845,84.33333333333333,,129,77,686,25,0,0,fixed,S4,S4,MultiRRT,1010,exact_geometry_v2,11cd0a4e1dd76081602eff3f8be61a00f096d41167207c78f5dd747166749e8e
1,1,1,0.0154331699998238,1082.832848017703,0.0340499291277573,0.0022699952751838,1.5183905082436695,92.66666666666669,,287,148,943,31,0,0,fixed,S4,S4,MultiRRT,1011,exact_geometry_v2,11cd0a4e1dd76081602eff3f8be61a00f096d41167207c78f5dd747166749e8e
1,1,1,0.0121898099999953,978.7574954222542,0.0281439069962137,0.0018762604664142,0.5613615818271782,84.33333333333333,,150,87,794,31,0,0,fixed,S4,S4,MultiRRT,1012,exact_geometry_v2,11cd0a4e1dd76081602eff3f8be61a00f096d41167207c78f5dd747166749e8e
1,1,1,0.0199180719999958,1065.056752280288,0.0344751960624821,0.0022983464041654,1.2965860930836683,91.66666666666669,,486,239,966,29,0,0,fixed,S4,S4,MultiRRT,1013,exact_geometry_v2,11cd0a4e1dd76081602eff3f8be61a00f096d41167207c78f5dd747166749e8e
1,1,1,0.0142589790000329,1025.079596410559,0.0278929129239933,0.0018595275282662,0.1626315933064077,88.33333333333333,,203,118,716,24,0,0,fixed,S4,S4,MultiRRT,1014,exact_geometry_v2,11cd0a4e1dd76081602eff3f8be61a00f096d41167207c78f5dd747166749e8e
1,1,1,0.0160128139999642,1026.6053187975206,0.0316907145334809,0.002112714302232,1.2096594890817016,88.33333333333333,,270,141,945,33,0,0,fixed,S4,S4,MultiRRT,1015,exact_geometry_v2,11cd0a4e1dd76081602eff3f8be61a00f096d41167207c78f5dd747166749e8e
1,1,1,0.0142225719998805,998.8337896338531,0.0335886729185931,0.0022392448612395,0.4414087072699573,86.0,,228,136,812,25,0,0,fixed,S4,S4,MultiRRT,1016,exact_geometry_v2,11cd0a4e1dd76081602eff3f8be61a00f096d41167207c78f5dd747166749e8e
1,1,1,0.0113065880000249,1120.6869923711993,0.0246640397557233,0.0016442693170482,1.7949213979813337,96.0,,199,111,807,26,0,0,fixed,S4,S4,MultiRRT,1017,exact_geometry_v2,11cd0a4e1dd76081602eff3f8be61a00f096d41167207c78f5dd747166749e8e
1,1,1,0.0128376250000883,961.4762668789772,0.0197667400321883,0.0013177826688125,2.7071387044116406,82.33333333333333,,252,134,781,28,0,0,fixed,S4,S4,MultiRRT,1018,exact_geometry_v2,11cd0a4e1dd76081602eff3f8be61a00f096d41167207c78f5dd747166749e8e
1,1,1,0.009366651999926,963.2013337415729,0.0198438134610046,0.0013229208974003,0.5926051629905089,82.66666666666667,,119,85,701,28,0,0,fixed,S4,S4,MultiRRT,1019,exact_geometry_v2,11cd0a4e1dd76081602eff3f8be61a00f096d41167207c78f5dd747166749e8e
1,1,1,0.3104277700000466,962.743018482734,0.0231272326250353,0.0015418155083356,1.399347652569631,83.66666666666667,,912,161,5190,25,4299,2396,fixed,S4,S4,RALMultiRRT,1000,exact_geometry_v2,11cd0a4e1dd76081602eff3f8be61a00f096d41167207c78f5dd747166749e8e
1,1,1,0.3371235409999826,955.7538236765336,0.0142017920298339,0.0009467861353222,1.1217701120558914,81.66666666666667,,882,162,5242,29,4241,2428,fixed,S4,S4,RALMultiRRT,1001,exact_geometry_v2,11cd0a4e1dd76081602eff3f8be61a00f096d41167207c78f5dd747166749e8e
1,1,1,0.2990351930000088,942.3592115035324,0.0121220302468432,0.0008081353497895,1.835916463910756,81.0,,810,145,4880,31,3833,2204,fixed,S4,S4,RALMultiRRT,1002,exact_geometry_v2,11cd0a4e1dd76081602eff3f8be61a00f096d41167207c78f5dd747166749e8e
1,1,1,0.3171185989999685,950.4437040136218,0.0244087112414268,0.0016272474160951,2.3404803383214343,82.33333333333333,,837,147,5078,24,4109,2324,fixed,S4,S4,RALMultiRRT,1003,exact_geometry_v2,11cd0a4e1dd76081602eff3f8be61a00f096d41167207c78f5dd747166749e8e
1,1,1,0.3365604519999579,978.2772495069604,0.0303590044480106,0.0020239336298673,1.6881686551215864,85.0,,978,176,5273,26,4351,2540,fixed,S4,S4,RALMultiRRT,1004,exact_geometry_v2,11cd0a4e1dd76081602eff3f8be61a00f096d41167207c78f5dd747166749e8e
1,1,1,0.3186035859999947,955.8481235059696,0.0135797928052985,0.0009053195203532,1.6548603023081585,82.33333333333333,,921,165,4992,34,4083,2348,fixed,S4,S4,RALMultiRRT,1005,exact_geometry_v2,11cd0a4e1dd76081602eff3f8be61a00f096d41167207c78f5dd747166749e8e
1,1,1,0.276867958999901,963.428170538065,0.0150510604280171,0.0010034040285344,1.2124265336923372,82.66666666666667,,816,152,4756,27,3885,2216,fixed,S4,S4,RALMultiRRT,1006,exact_geometry_v2,11cd0a4e1dd76081602eff3f8be61a00f096d41167207c78f5dd747166749e8e
1,1,1,0.2813114999999015,946.1488432671762,0.0160381388366096,0.0010692092557739,2.1096860356582283,81.66666666666667,,738,149,4865,29,3912,2208,fixed,S4,S4,RALMultiRRT,1007,exact_geometry_v2,11cd0a4e1dd76081602eff3f8be61a00f096d41167207c78f5dd747166749e8e
1,1,1,0.3077627820000543,979.6785777194882,0.0236065300514464,0.0015737686700964,0.3590585564272288,84.66666666666667,,1000,164,5330,35,4284,2504,fixed,S4,S4,RALMultiRRT,1008,exact_geometry_v2,11cd0a4e1dd76081602eff3f8be61a00f096d41167207c78f5dd747166749e8e
1,1,1,0.3346678530000417,931.1951138633189,0.0131816077725597,0.0008787738515039,2.9405771277213617,80.33333333333333,,804,150,4996,25,3905,2232,fixed,S4,S4,RALMultiRRT,1009,exact_geometry_v2,11cd0a4e1dd76081602eff3f8be61a00f096d41167207c78f5dd747166749e8e
1,1,1,0.4125454890001947,948.6742046251773,0.0134308145257653,0.000895387635051,1.1110660624300976,81.33333333333333,,1110,185,5990,35,4953,2796,fixed,S4,S4,RALMultiRRT,1010,exact_geometry_v2,11cd0a4e1dd76081602eff3f8be61a00f096d41167207c78f5dd747166749e8e
1,1,1,0.2501546619998862,967.4947253581308,0.0195360628537085,0.0013024041902472,1.1388856182129672,83.66666666666667,,654,127,4369,29,3343,1896,fixed,S4,S4,RALMultiRRT,1011,exact_geometry_v2,11cd0a4e1dd76081602eff3f8be61a00f096d41167207c78f5dd747166749e8e
1,1,1,0.3046317910001335,968.3079925052948,0.0212131187534372,0.0014142079168958,2.852750169775448,83.33333333333333,,987,164,5206,30,4278,2500,fixed,S4,S4,RALMultiRRT,1012,exact_geometry_v2,11cd0a4e1dd76081602eff3f8be61a00f096d41167207c78f5dd747166749e8e
1,1,1,0.3097574879999456,975.1276381880756,0.0348624266333249,0.0023241617755549,0.3595330988264891,85.66666666666667,,921,165,5478,34,4356,2508,fixed,S4,S4,RALMultiRRT,1013,exact_geometry_v2,11cd0a4e1dd76081602eff3f8be61a00f096d41167207c78f5dd747166749e8e
1,1,1,0.3518651069999805,946.960608746394,0.0189265735276139,0.0012617715685075,0.6351935124943395,81.66666666666667,,777,152,4923,26,4043,2272,fixed,S4,S4,RALMultiRRT,1014,exact_geometry_v2,11cd0a4e1dd76081602eff3f8be61a00f096d41167207c78f5dd747166749e8e
1,1,1,0.3677868219999709,947.46594888719,0.0292227880725177,0.0019481858715011,0.6979203880461284,82.66666666666667,,840,146,5207,25,4286,2456,fixed,S4,S4,RALMultiRRT,1015,exact_geometry_v2,11cd0a4e1dd76081602eff3f8be61a00f096d41167207c78f5dd747166749e8e
1,1,1,0.2809749369999963,960.4154247323517,0.0228331787303939,0.0015222119153595,2.417145165911869,83.33333333333333,,804,148,4817,21,3914,2264,fixed,S4,S4,RALMultiRRT,1016,exact_geometry_v2,11cd0a4e1dd76081602eff3f8be61a00f096d41167207c78f5dd747166749e8e
1,1,1,0.2946677679999538,958.9442883644928,0.0267005957215319,0.0017800397147687,0.6536455784260369,82.66666666666667,,1128,176,4991,34,4145,2472,fixed,S4,S4,RALMultiRRT,1017,exact_geometry_v2,11cd0a4e1dd76081602eff3f8be61a00f096d41167207c78f5dd747166749e8e
1,1,1,0.3476507619999438,945.083037301925,0.0108251773336201,0.000721678488908,0.5362615439847005,81.33333333333333,,807,157,5295,25,4274,2388,fixed,S4,S4,RALMultiRRT,1018,exact_geometry_v2,11cd0a4e1dd76081602eff3f8be61a00f096d41167207c78f5dd747166749e8e
1,1,1,0.2984999319999133,947.5731674851268,0.0305020066261282,0.0020334671084085,0.1645936434555679,82.33333333333333,,729,138,4617,27,3626,2032,fixed,S4,S4,RALMultiRRT,1019,exact_geometry_v2,11cd0a4e1dd76081602eff3f8be61a00f096d41167207c78f5dd747166749e8e
1,1,1,0.0142048170000634,971.0811838539056,0.0237412512873804,0.0015827500858253,3.877332260643662,83.66666666666667,,232,159,846,24,0,0,fixed,S4,S4,RRTStar,1000,exact_geometry_v2,11cd0a4e1dd76081602eff3f8be61a00f096d41167207c78f5dd747166749e8e
1,1,1,0.0160281669999449,1002.3415808960746,0.0349900581218532,0.0023326705414568,2.57421622949299,86.33333333333333,,246,158,951,33,0,0,fixed,S4,S4,RRTStar,1001,exact_geometry_v2,11cd0a4e1dd76081602eff3f8be61a00f096d41167207c78f5dd747166749e8e
1,1,1,0.0186316420000594,1044.532840649675,0.0298673128396352,0.001991154189309,5.047729497052231,89.33333333333333,,360,198,1029,34,0,0,fixed,S4,S4,RRTStar,1002,exact_geometry_v2,11cd0a4e1dd76081602eff3f8be61a00f096d41167207c78f5dd747166749e8e
1,1,1,0.0187113419999604,974.4678538914168,0.0200529144218419,0.0013368609614561,2.883705277614631,83.33333333333333,,198,151,1039,44,0,0,fixed,S4,S4,RRTStar,1003,exact_geometry_v2,11cd0a4e1dd76081602eff3f8be61a00f096d41167207c78f5dd747166749e8e
1,1,1,0.0209019149999676,1031.204120969065,0.0412629073886514,0.0027508604925767,0.8852937690107154,89.33333333333333,,437,221,1032,26,0,0,fixed,S4,S4,RRTStar,1004,exact_geometry_v2,11cd0a4e1dd76081602eff3f8be61a00f096d41167207c78f5dd747166749e8e
1,1,1,0.0205363050000642,1017.6593008241734,0.027326552067763,0.0018217701378508,1.0951779091749927,87.33333333333333,,376,219,1102,31,0,0,fixed,S4,S4,RRTStar,1005,exact_geometry_v2,11cd0a4e1dd76081602eff3f8be61a00f096d41167207c78f5dd747166749e8e
1,1,1,0.0192695539999476,958.7989708489936,0.0241963885758574,0.0016130925717238,1.4985168813029048,82.66666666666667,,415,240,969,24,0,0,fixed,S4,S4,RRTStar,1006,exact_geometry_v2,11cd0a4e1dd76081602eff3f8be61a00f096d41167207c78f5dd747166749e8e
1,1,1,0.0197452009999778,1051.2966233460252,0.0244281583087219,0.0016285438872481,0.6908682833547815,90.0,,351,193,897,21,0,0,fixed,S4,S4,RRTStar,1007,exact_geometry_v2,11cd0a4e1dd76081602eff3f8be61a00f096d41167207c78f5dd747166749e8e
1,1,1,0.0149038810000092,1029.0338909925083,0.0403293762498339,0.0026886250833222,0.5012628480997563,88.66666666666667,,282,152,909,27,0,0,fixed,S4,S4,RRTStar,1008,exact_geometry_v2,11cd0a4e1dd76081602eff3f8be61a00f096d41167207c78f5dd747166749e8e
1,1,1,0.0233569349999243,1098.2879522303317,0.0339010379484711,0.0022600691965647,0.5410833562910042,94.66666666666669,,283,183,1247,39,0,0,fixed,S4,S4,RRTStar,1009,exact_geometry_v2,11cd0a4e1dd76081602eff3f8be61a00f096d41167207c78f5dd747166749e8e
1,1,1,0.0110491099999308,968.6346181162818,0.0297503997928706,0.0019833599861913,3.649541107913677,83.33333333333333,,199,132,726,22,0,0,fixed,S4,S4,RRTStar,1010,exact_geometry_v2,11cd0a4e1dd76081602eff3f8be61a00f096d41167207c78f5dd747166749e8e
1,1,1,0.0189555599999948,1042.4120858611604,0.042776518288354,0.0028517678858902,1.1105461522333755,89.33333333333333,,353,206,1022,29,0,0,fixed,S4,S4,RRTStar,1011,exact_geometry_v2,11cd0a4e1dd76081602eff3f8be61a00f096d41167207c78f5dd747166749e8e
1,1,1,0.0131940440001017,973.0866041010444,0.0224311095755066,0.0014954073050337,2.602600871726459,84.0,,213,138,854,29,0,0,fixed,S4,S4,RRTStar,1012,exact_geometry_v2,11cd0a4e1dd76081602eff3f8be61a00f096d41167207c78f5dd747166749e8e
1,1,1,0.0331744690000732,1063.3995427423704,0.0315734817640578,0.0021048987842705,2.381600144497789,92.0,,546,293,1278,37,0,0,fixed,S4,S4,RRTStar,1013,exact_geometry_v2,11cd0a4e1dd76081602eff3f8be61a00f096d41167207c78f5dd747166749e8e
1,1,1,0.0186715529999901,1035.201139515806,0.0367706269184725,0.0024513751278981,0.1626315933064077,88.66666666666667,,268,180,838,25,0,0,fixed,S4,S4,RRTStar,1014,exact_geometry_v2,11cd0a4e1dd76081602eff3f8be61a00f096d41167207c78f5dd747166749e8e
1,1,1,0.0245889029999943,985.3450840072722,0.0208489459615826,0.0013899297307721,2.872190321380728,84.66666666666667,,333,198,925,29,0,0,fixed,S4,S4,RRTStar,1015,exact_geometry_v2,11cd0a4e1dd76081602eff3f8be61a00f096d41167207c78f5dd747166749e8e
1,1,1,0.0283219919999737,1020.4312532138524,0.0326395853190373,0.0021759723546024,0.441408707269936,88.33333333333333,,306,203,1050,30,0,0,fixed,S4,S4,RRTStar,1016,exact_geometry_v2,11cd0a4e1dd76081602eff3f8be61a00f096d41167207c78f5dd747166749e8e
1,1,1,0.0222955259998798,1100.2480329479297,0.0178393247005722,0.0011892883133714,0.4868072330301132,94.0,,267,160,901,28,0,0,fixed,S4,S4,RRTStar,1017,exact_geometry_v2,11cd0a4e1dd76081602eff3f8be61a00f096d41167207c78f5dd747166749e8e
1,1,1,0.0229768129999001,1005.6224554202328,0.0233608829168932,0.0015573921944595,2.1409449290096063,86.0,,322,191,956,31,0,0,fixed,S4,S4,RRTStar,1018,exact_geometry_v2,11cd0a4e1dd76081602eff3f8be61a00f096d41167207c78f5dd747166749e8e
1,1,1,0.0132883059999358,964.694097569028,0.0258141619741615,0.0017209441316107,4.873580770610069,82.66666666666667,,183,139,816,27,0,0,fixed,S4,S4,RRTStar,1019,exact_geometry_v2,11cd0a4e1dd76081602eff3f8be61a00f096d41167207c78f5dd747166749e8e
1,1,1,0.0154472510000687,971.0811838539056,0.0237412512873804,0.0015827500858253,3.877332260643662,83.66666666666667,,232,159,1045,24,0,0,fixed,S4,S4,RRTStarSmart,1000,exact_geometry_v2,11cd0a4e1dd76081602eff3f8be61a00f096d41167207c78f5dd747166749e8e
1,1,1,0.0181511680001449,998.265218934231,0.0333632591198589,0.0022242172746572,2.4386416239169577,85.66666666666667,,246,158,1171,34,0,0,fixed,S4,S4,RRTStarSmart,1001,exact_geometry_v2,11cd0a4e1dd76081602eff3f8be61a00f096d41167207c78f5dd747166749e8e
1,1,1,0.0210626379999894,1044.532840649675,0.0298673128396352,0.001991154189309,5.047729497052231,89.33333333333333,,360,198,1218,34,0,0,fixed,S4,S4,RRTStarSmart,1002,exact_geometry_v2,11cd0a4e1dd76081602eff3f8be61a00f096d41167207c78f5dd747166749e8e
1,1,1,0.019806052000149,974.4678538914168,0.0200529144218419,0.0013368609614561,2.883705277614631,83.33333333333333,,198,151,1217,44,0,0,fixed,S4,S4,RRTStarSmart,1003,exact_geometry_v2,11cd0a4e1dd76081602eff3f8be61a00f096d41167207c78f5dd747166749e8e
1,1,1,0.022810674999846,1031.204120969065,0.0412629073886514,0.0027508604925767,0.8852937690107154,89.33333333333333,,437,221,1251,26,0,0,fixed,S4,S4,RRTStarSmart,1004,exact_geometry_v2,11cd0a4e1dd76081602eff3f8be61a00f096d41167207c78f5dd747166749e8e
1,1,1,0.0227286910001112,1017.6593008241734,0.027326552067763,0.0018217701378508,1.0951779091749927,87.33333333333333,,376,219,1307,31,0,0,fixed,S4,S4,RRTStarSmart,1005,exact_geometry_v2,11cd0a4e1dd76081602eff3f8be61a00f096d41167207c78f5dd747166749e8e
1,1,1,0.0213500120001981,958.7989708489936,0.0241963885758574,0.0016130925717238,1.4985168813029048,82.66666666666667,,415,240,1179,24,0,0,fixed,S4,S4,RRTStarSmart,1006,exact_geometry_v2,11cd0a4e1dd76081602eff3f8be61a00f096d41167207c78f5dd747166749e8e
1,1,1,0.0179902759999777,1051.2966233460252,0.0244281583087219,0.0016285438872481,0.6908682833547815,90.0,,351,193,1080,21,0,0,fixed,S4,S4,RRTStarSmart,1007,exact_geometry_v2,11cd0a4e1dd76081602eff3f8be61a00f096d41167207c78f5dd747166749e8e
1,1,1,0.0172205430001213,1024.7699694909704,0.0333674169226364,0.002224494461509,0.3345373953210213,88.0,,282,152,1144,30,0,0,fixed,S4,S4,RRTStarSmart,1008,exact_geometry_v2,11cd0a4e1dd76081602eff3f8be61a00f096d41167207c78f5dd747166749e8e
1,1,1,0.024213727999836,1098.2879522303317,0.0339010379484711,0.0022600691965647,0.5410833562910042,94.66666666666669,,283,183,1485,39,0,0,fixed,S4,S4,RRTStarSmart,1009,exact_geometry_v2,11cd0a4e1dd76081602eff3f8be61a00f096d41167207c78f5dd747166749e8e
1,1,1,0.0127213010000559,968.6346181162818,0.0297503997928706,0.0019833599861913,3.649541107913677,83.33333333333333,,199,132,919,22,0,0,fixed,S4,S4,RRTStarSmart,1010,exact_geometry_v2,11cd0a4e1dd76081602eff3f8be61a00f096d41167207c78f5dd747166749e8e
1,1,1,0.0207779579999396,1010.3520461737849,0.0309452463692492,0.0020630164246166,5.453742719098763,86.33333333333333,,353,206,1242,32,0,0,fixed,S4,S4,RRTStarSmart,1011,exact_geometry_v2,11cd0a4e1dd76081602eff3f8be61a00f096d41167207c78f5dd747166749e8e
1,1,1,0.0177571230001376,973.0866041010444,0.0224311095755066,0.0014954073050337,2.602600871726459,84.0,,213,138,1065,29,0,0,fixed,S4,S4,RRTStarSmart,1012,exact_geometry_v2,11cd0a4e1dd76081602eff3f8be61a00f096d41167207c78f5dd747166749e8e
1,1,1,0.0333592179999868,1063.1161115947962,0.0304856757707354,0.0020323783847156,2.4124663638602044,91.33333333333331,,546,293,1496,38,0,0,fixed,S4,S4,RRTStarSmart,1013,exact_geometry_v2,11cd0a4e1dd76081602eff3f8be61a00f096d41167207c78f5dd747166749e8e
1,1,1,0.0178779560000066,1035.201139515806,0.0367706269184725,0.0024513751278981,0.1626315933064077,88.66666666666667,,268,180,1034,25,0,0,fixed,S4,S4,RRTStarSmart,1014,exact_geometry_v2,11cd0a4e1dd76081602eff3f8be61a00f096d41167207c78f5dd747166749e8e
1,1,1,0.0186895990000266,985.3283749800948,0.0204509484998742,0.0013633965666582,2.872190321380728,84.66666666666667,,333,198,1112,30,0,0,fixed,S4,S4,RRTStarSmart,1015,exact_geometry_v2,11cd0a4e1dd76081602eff3f8be61a00f096d41167207c78f5dd747166749e8e
1,1,1,0.0216150909999441,1018.333031287117,0.0277390564641655,0.0018492704309443,0.441408707269936,88.0,,306,203,1292,33,0,0,fixed,S4,S4,RRTStarSmart,1016,exact_geometry_v2,11cd0a4e1dd76081602eff3f8be61a00f096d41167207c78f5dd747166749e8e
1,1,1,0.0177009790000965,1100.2480329479297,0.0178393247005722,0.0011892883133714,0.4868072330301132,94.0,,267,160,1053,28,0,0,fixed,S4,S4,RRTStarSmart,1017,exact_geometry_v2,11cd0a4e1dd76081602eff3f8be61a00f096d41167207c78f5dd747166749e8e
1,1,1,0.0183435580000832,1005.6224554202328,0.0233608829168932,0.0015573921944595,2.1409449290096063,86.0,,322,191,1133,31,0,0,fixed,S4,S4,RRTStarSmart,1018,exact_geometry_v2,11cd0a4e1dd76081602eff3f8be61a00f096d41167207c78f5dd747166749e8e
1,1,1,0.0158504290001246,964.6657081219524,0.0253359322236076,0.0016890621482405,4.859524527530802,82.66666666666667,,183,139,1025,28,0,0,fixed,S4,S4,RRTStarSmart,1019,exact_geometry_v2,11cd0a4e1dd76081602eff3f8be61a00f096d41167207c78f5dd747166749e8e
1,1,1,0.0089459040000292,959.571064342607,0.0110404602066566,0.0007360306804437,0.4479261176780014,82.66666666666667,,119,85,628,25,0,0,random,D1_50000,D1,MultiRRT,8000,exact_geometry_v2,03940cacdfd4626c1d242b567cb19c9864502109e909fe7373427b889c95a0b1
1,1,1,0.0103845920000367,957.2647721048634,0.0098928017399471,0.0006595201159964,0.4479261176780014,82.66666666666667,,183,144,714,22,0,0,random,D1_50000,D1,RRTStar,8000,exact_geometry_v2,03940cacdfd4626c1d242b567cb19c9864502109e909fe7373427b889c95a0b1
1,1,1,0.0146081890000004,957.2647721048634,0.0098928017399471,0.0006595201159964,0.4479261176780014,82.66666666666667,,183,144,873,22,0,0,random,D1_50000,D1,RRTStarSmart,8000,exact_geometry_v2,03940cacdfd4626c1d242b567cb19c9864502109e909fe7373427b889c95a0b1
1,1,1,0.0432411580000007,999.8618802866372,0.0221082980625817,0.0014738865375054,1.2571534203475707,87.0,,891,134,1582,25,87,0,random,D1_50000,D1,APFMultiRRT,8000,exact_geometry_v2,03940cacdfd4626c1d242b567cb19c9864502109e909fe7373427b889c95a0b1
1,1,1,0.3205477269998482,987.067560073216,0.0199762021794504,0.0013317468119633,3.11084485760356,85.0,,882,137,5811,30,4503,2444,random,D1_50000,D1,RALMultiRRT,8000,exact_geometry_v2,03940cacdfd4626c1d242b567cb19c9864502109e909fe7373427b889c95a0b1
1,1,1,0.0110163560000273,978.336660868115,0.0131349615019941,0.0008756641001329,7.385155375438991,83.66666666666667,,214,117,801,32,0,0,random,D1_50001,D1,MultiRRT,8001,exact_geometry_v2,f0500ae17cf451134b5e4cbb33d4ce9c37a1d578ce2350217cd5767669c367ac
1,1,1,0.0124196709998614,975.978663215759,0.0141871239785872,0.0009458082652391,10.55980433212776,83.66666666666667,,281,181,825,24,0,0,random,D1_50001,D1,RRTStar,8001,exact_geometry_v2,f0500ae17cf451134b5e4cbb33d4ce9c37a1d578ce2350217cd5767669c367ac
1,1,1,0.0141073540000888,975.978663215759,0.0141871239785872,0.0009458082652391,10.55980433212776,83.66666666666667,,281,181,979,24,0,0,random,D1_50001,D1,RRTStarSmart,8001,exact_geometry_v2,f0500ae17cf451134b5e4cbb33d4ce9c37a1d578ce2350217cd5767669c367ac
1,1,1,0.0405478289999337,985.2786661645364,0.0226632436742177,0.0015108829116145,5.382290214114665,85.0,,813,149,1645,28,89,0,random,D1_50001,D1,APFMultiRRT,8001,exact_geometry_v2,f0500ae17cf451134b5e4cbb33d4ce9c37a1d578ce2350217cd5767669c367ac
1,1,1,0.2518784389999382,967.5504435334592,0.0151933875416333,0.0010128925027755,2.142859320764309,83.33333333333333,,720,137,5137,33,3971,2224,random,D1_50001,D1,RALMultiRRT,8001,exact_geometry_v2,f0500ae17cf451134b5e4cbb33d4ce9c37a1d578ce2350217cd5767669c367ac
1,1,1,0.008365367999886,978.268855417472,0.0101055745734941,0.0006737049715662,5.534998341855649,84.0,,121,87,615,23,0,0,random,D1_50002,D1,MultiRRT,8002,exact_geometry_v2,f8747d565f13a2de7f608c8b32fbeedc3f0e805df7d12cafb65da70663366d38
1,1,1,0.0121152499996242,973.978832413009,0.0101337012079247,0.0006755800805283,6.740572045164129,84.33333333333333,,187,148,769,27,0,0,random,D1_50002,D1,RRTStar,8002,exact_geometry_v2,f8747d565f13a2de7f608c8b32fbeedc3f0e805df7d12cafb65da70663366d38
1,1,1,0.0140678249999837,973.978832413009,0.0101337012079247,0.0006755800805283,6.740572045164129,84.33333333333333,,187,148,930,27,0,0,random,D1_50002,D1,RRTStarSmart,8002,exact_geometry_v2,f8747d565f13a2de7f608c8b32fbeedc3f0e805df7d12cafb65da70663366d38
1,1,1,0.0390301099998851,1011.7580322550626,0.0163619500787734,0.0010907966719182,1.441043230337634,86.33333333333333,,714,137,1437,22,78,0,random,D1_50002,D1,APFMultiRRT,8002,exact_geometry_v2,f8747d565f13a2de7f608c8b32fbeedc3f0e805df7d12cafb65da70663366d38
1,1,1,0.4288360300001841,970.2597945437186,0.0101911025480099,0.0006794068365339,2.030312953995164,83.0,,1008,174,7728,28,6384,3384,random,D1_50002,D1,RALMultiRRT,8002,exact_geometry_v2,f8747d565f13a2de7f608c8b32fbeedc3f0e805df7d12cafb65da70663366d38
1,1,1,0.0107158020000497,1052.217874113698,0.0349453204155805,0.0023296880277053,0.1480508110889644,91.0,,142,110,773,24,0,0,random,D1_50003,D1,MultiRRT,8003,exact_geometry_v2,c0c31ba05dd748ea3b3ffe98a3aafabf9adb21b94579cbc0493a54ee560a820c
1,1,1,0.0140528120000453,989.2106071462669,0.0268378489828652,0.001789189932191,1.221617503864593,85.66666666666667,,207,171,850,26,0,0,random,D1_50003,D1,RRTStar,8003,exact_geometry_v2,c0c31ba05dd748ea3b3ffe98a3aafabf9adb21b94579cbc0493a54ee560a820c
1,1,1,0.0166278940000665,989.2106071462669,0.0268378489828652,0.001789189932191,1.221617503864593,85.66666666666667,,207,171,1050,26,0,0,random,D1_50003,D1,RRTStarSmart,8003,exact_geometry_v2,c0c31ba05dd748ea3b3ffe98a3aafabf9adb21b94579cbc0493a54ee560a820c
1,1,1,0.0533735110000179,1000.1997332538052,0.018406357906882,0.0012270905271254,1.3556551300417752,86.0,,1041,188,1717,27,109,0,random,D1_50003,D1,APFMultiRRT,8003,exact_geometry_v2,c0c31ba05dd748ea3b3ffe98a3aafabf9adb21b94579cbc0493a54ee560a820c
1,1,1,0.3572362659999726,971.4688850754374,0.0185167056548441,0.0012344470436562,3.648280531639834,83.33333333333333,,948,168,6339,34,5151,2888,random,D1_50003,D1,RALMultiRRT,8003,exact_geometry_v2,c0c31ba05dd748ea3b3ffe98a3aafabf9adb21b94579cbc0493a54ee560a820c
1,1,1,0.0119477189996359,1053.2667439226052,0.0149458713816727,0.0009963914254448,0.1919031533681305,90.0,,213,116,772,30,0,0,random,D1_50004,D1,MultiRRT,8004,exact_geometry_v2,690c7a6924ea27006abef9c4274809d62996b0d9acce328500609b4b277289ab
1,1,1,0.0167980989997431,1054.153374152743,0.014989196784591,0.0009992797856394,0.2202379782614869,90.0,,282,174,891,28,0,0,random,D1_50004,D1,RRTStar,8004,exact_geometry_v2,690c7a6924ea27006abef9c4274809d62996b0d9acce328500609b4b277289ab
1,1,1,0.0174198459999388,1054.153374152743,0.014989196784591,0.0009992797856394,0.2202379782614869,90.0,,282,174,1023,28,0,0,random,D1_50004,D1,RRTStarSmart,8004,exact_geometry_v2,690c7a6924ea27006abef9c4274809d62996b0d9acce328500609b4b277289ab
1,1,1,0.0473609869998199,978.9653189171762,0.010614571576482,0.0007076381050988,1.4727130277559368,84.33333333333333,,912,148,1697,30,96,0,random,D1_50004,D1,APFMultiRRT,8004,exact_geometry_v2,690c7a6924ea27006abef9c4274809d62996b0d9acce328500609b4b277289ab
1,1,1,0.3351659290001407,993.321627981692,0.0244336971854447,0.0016289131456963,1.5451646209739067,86.33333333333333,,897,161,6356,30,5154,2816,random,D1_50004,D1,RALMultiRRT,8004,exact_geometry_v2,690c7a6924ea27006abef9c4274809d62996b0d9acce328500609b4b277289ab
1,1,1,0.0110230860000228,979.8445212675302,0.0101201321617047,0.0006746754774469,6.522500718801474,84.0,,183,110,688,25,0,0,random,D1_50005,D1,MultiRRT,8005,exact_geometry_v2,0d5212a24eb7ce05003d843c1674e731afd3a323811ae780a2c1c528863895d2
1,1,1,0.0133566930001052,994.7388775090976,0.0160629493945073,0.0010708632929671,6.865460355036618,85.33333333333333,,253,168,774,23,0,0,random,D1_50005,D1,RRTStar,8005,exact_geometry_v2,0d5212a24eb7ce05003d843c1674e731afd3a323811ae780a2c1c528863895d2
1,1,1,0.0154628269999648,994.7388775090976,0.0160629493945073,0.0010708632929671,6.865460355036618,85.33333333333333,,253,168,926,23,0,0,random,D1_50005,D1,RRTStarSmart,8005,exact_geometry_v2,0d5212a24eb7ce05003d843c1674e731afd3a323811ae780a2c1c528863895d2
1,1,1,0.0524297079998632,976.731281078631,0.0160678733345325,0.0010711915556354,1.620680603045777,85.0,,1077,167,1728,29,101,0,random,D1_50005,D1,APFMultiRRT,8005,exact_geometry_v2,0d5212a24eb7ce05003d843c1674e731afd3a323811ae780a2c1c528863895d2
1,1,1,0.3873615549998703,975.9617628633076,0.0133053008902646,0.0008870200593509,2.040176087645301,83.66666666666667,,900,154,6301,29,5086,2724,random,D1_50005,D1,RALMultiRRT,8005,exact_geometry_v2,0d5212a24eb7ce05003d843c1674e731afd3a323811ae780a2c1c528863895d2
1,1,1,0.0110990289997516,991.808655182687,0.0175966530946212,0.001173110206308,3.071073184830091,85.0,,218,132,699,26,0,0,random,D1_50006,D1,MultiRRT,8006,exact_geometry_v2,599bfd726b7db42bca9bf17bc766424c925c46591b6abbacabab7fc676c0d2aa
1,1,1,0.0149641560001327,979.326136334732,0.0123599095305659,0.0008239939687043,5.57148477232445,84.0,,286,197,830,25,0,0,random,D1_50006,D1,RRTStar,8006,exact_geometry_v2,599bfd726b7db42bca9bf17bc766424c925c46591b6abbacabab7fc676c0d2aa
1,1,1,0.0168744160000642,979.326136334732,0.0123599095305659,0.0008239939687043,5.57148477232445,84.0,,286,197,974,25,0,0,random,D1_50006,D1,RRTStarSmart,8006,exact_geometry_v2,599bfd726b7db42bca9bf17bc766424c925c46591b6abbacabab7fc676c0d2aa
1,1,1,0.0417106309998871,1009.5241023591508,0.0193990236041864,0.001293268240279,5.385522901954435,86.33333333333333,,810,143,1505,24,82,0,random,D1_50006,D1,APFMultiRRT,8006,exact_geometry_v2,599bfd726b7db42bca9bf17bc766424c925c46591b6abbacabab7fc676c0d2aa
1,1,1,0.3719041779997951,990.5478800911222,0.0105433884646345,0.0007028925643089,3.5363870811501386,84.66666666666667,,864,147,6697,24,5384,2864,random,D1_50006,D1,RALMultiRRT,8006,exact_geometry_v2,599bfd726b7db42bca9bf17bc766424c925c46591b6abbacabab7fc676c0d2aa
1,1,1,0.016104205999909,1097.9196145848189,0.0188728581579192,0.0012581905438612,1.1807001137162842,93.66666666666669,,258,140,817,28,0,0,random,D1_50007,D1,MultiRRT,8007,exact_geometry_v2,bc0cc724b4031c29a0d3276a804d057612fdb9f64abb403b1b6c0be243f97626
1,1,1,0.0244353549999232,1125.5471552457332,0.025633211502865,0.0017088807668576,5.740736548392192,96.0,,336,208,1042,31,0,0,random,D1_50007,D1,RRTStar,8007,exact_geometry_v2,bc0cc724b4031c29a0d3276a804d057612fdb9f64abb403b1b6c0be243f97626
1,1,1,0.0271279240002968,1125.5471552457332,0.025633211502865,0.0017088807668576,5.740736548392192,96.0,,336,208,1199,31,0,0,random,D1_50007,D1,RRTStarSmart,8007,exact_geometry_v2,bc0cc724b4031c29a0d3276a804d057612fdb9f64abb403b1b6c0be243f97626
1,1,1,0.0576619810001375,1020.0285234242936,0.0236568860648977,0.0015771257376598,1.3742631176196198,87.33333333333333,,996,150,1750,31,96,0,random,D1_50007,D1,APFMultiRRT,8007,exact_geometry_v2,bc0cc724b4031c29a0d3276a804d057612fdb9f64abb403b1b6c0be243f97626
1,1,1,0.405272310999635,1001.9506587353284,0.0428873201346484,0.0028591546756432,0.3391968247620056,87.66666666666667,,1347,164,6266,28,5059,2868,random,D1_50007,D1,RALMultiRRT,8007,exact_geometry_v2,bc0cc724b4031c29a0d3276a804d057612fdb9f64abb403b1b6c0be243f97626
1,1,1,0.0082966960003432,1001.51128660825,0.0093917880557397,0.0006261192037159,9.17911618235786,85.66666666666667,,94,76,570,24,0,0,random,D1_50008,D1,MultiRRT,8008,exact_geometry_v2,9ca190e20d07bfb701551b9a9fce2c051897456664e30181d46c87eaad97bc37
1,1,1,0.0131371729994498,1000.2737848315696,0.0089537768250566,0.0005969184550037,9.17911618235786,85.0,,166,142,743,26,0,0,random,D1_50008,D1,RRTStar,8008,exact_geometry_v2,9ca190e20d07bfb701551b9a9fce2c051897456664e30181d46c87eaad97bc37
1,1,1,0.0150875129997984,1000.2737848315696,0.0089537768250566,0.0005969184550037,9.17911618235786,85.0,,166,142,876,26,0,0,random,D1_50008,D1,RRTStarSmart,8008,exact_geometry_v2,9ca190e20d07bfb701551b9a9fce2c051897456664e30181d46c87eaad97bc37
1,1,1,0.0501412749997598,1005.3349989866464,0.0116872628288784,0.0007791508552585,2.116176081290316,86.33333333333333,,879,159,1607,27,91,0,random,D1_50008,D1,APFMultiRRT,8008,exact_geometry_v2,9ca190e20d07bfb701551b9a9fce2c051897456664e30181d46c87eaad97bc37
1,1,1,0.3960893179998948,990.6912434426335,0.0186861129973912,0.0012457408664927,0.2680209186976796,85.33333333333333,,996,155,6498,28,5333,2872,random,D1_50008,D1,RALMultiRRT,8008,exact_geometry_v2,9ca190e20d07bfb701551b9a9fce2c051897456664e30181d46c87eaad97bc37
1,1,1,0.0072987529999863,967.7444908649516,0.0101700948826352,0.000678006325509,2.7514434153092253,83.0,,142,103,585,20,0,0,random,D1_50009,D1,MultiRRT,8009,exact_geometry_v2,76931d18030c585195708f9a46d9fe9bd2a208fc39a6808038150058d66ad5f3
1,1,1,0.0104725760002111,965.709422634293,0.0076916118469041,0.0005127741231269,3.2229711559827443,82.66666666666667,,209,168,719,22,0,0,random,D1_50009,D1,RRTStar,8009,exact_geometry_v2,76931d18030c585195708f9a46d9fe9bd2a208fc39a6808038150058d66ad5f3
1,1,1,0.0121230149995881,965.709422634293,0.0076916118469041,0.0005127741231269,3.2229711559827443,82.66666666666667,,209,168,858,22,0,0,random,D1_50009,D1,RRTStarSmart,8009,exact_geometry_v2,76931d18030c585195708f9a46d9fe9bd2a208fc39a6808038150058d66ad5f3
1,1,1,0.0419058700001642,975.5111241250124,0.0101062089992467,0.0006737472666164,6.793553650324142,83.33333333333333,,870,152,1614,25,94,0,random,D1_50009,D1,APFMultiRRT,8009,exact_geometry_v2,76931d18030c585195708f9a46d9fe9bd2a208fc39a6808038150058d66ad5f3
1,1,1,0.3317194430001109,963.6422536842824,0.0115452947181413,0.0007696863145427,4.843775078495209,83.0,,729,137,5778,26,4550,2456,random,D1_50009,D1,RALMultiRRT,8009,exact_geometry_v2,76931d18030c585195708f9a46d9fe9bd2a208fc39a6808038150058d66ad5f3
1,1,1,0.0103528940003343,986.3531533036931,0.0077622774497118,0.0005174851633141,2.9086418034981545,84.33333333333333,,100,84,652,30,0,0,random,D1_50010,D1,MultiRRT,8010,exact_geometry_v2,45452c52540c83c93dd16dea5f46345725de1a4ca81d04093624742757301111
1,1,1,0.0108262890000787,986.3531533036931,0.0077622774497118,0.0005174851633141,2.9086418034981545,84.33333333333333,,163,140,636,20,0,0,random,D1_50010,D1,RRTStar,8010,exact_geometry_v2,45452c52540c83c93dd16dea5f46345725de1a4ca81d04093624742757301111
1,1,1,0.0126007850001315,986.3531533036931,0.0077622774497118,0.0005174851633141,2.9086418034981545,84.33333333333333,,163,140,756,20,0,0,random,D1_50010,D1,RRTStarSmart,8010,exact_geometry_v2,45452c52540c83c93dd16dea5f46345725de1a4ca81d04093624742757301111
1,1,1,0.0558868349999102,983.9412973516193,0.0103440978617319,0.0006896065241154,12.95575590239357,84.0,,804,147,1592,28,88,0,random,D1_50010,D1,APFMultiRRT,8010,exact_geometry_v2,45452c52540c83c93dd16dea5f46345725de1a4ca81d04093624742757301111
1,1,1,0.4093577510000159,980.2153817934724,0.0093957060062433,0.0006263804004162,6.879495319265267,83.66666666666667,,750,140,6627,26,5248,2772,random,D1_50010,D1,RALMultiRRT,8010,exact_geometry_v2,45452c52540c83c93dd16dea5f46345725de1a4ca81d04093624742757301111
1,1,1,0.0105733979999058,989.6703686653874,0.0213117117218201,0.0014207807814546,5.41745812946067,85.33333333333333,,113,87,743,31,0,0,random,D1_50011,D1,MultiRRT,8011,exact_geometry_v2,33da67713ccff04630bf581c189de1c2cda02a6b29515c1403622af447745d93
1,1,1,0.0129554190002636,996.1295413823946,0.0327846182477399,0.0021856412165159,0.7112213649288002,86.0,,185,149,866,35,0,0,random,D1_50011,D1,RRTStar,8011,exact_geometry_v2,33da67713ccff04630bf581c189de1c2cda02a6b29515c1403622af447745d93
1,1,1,0.01537918300005,996.1295413823946,0.0327846182477399,0.0021856412165159,0.7112213649288002,86.0,,185,149,1146,52,0,0,random,D1_50011,D1,RRTStarSmart,8011,exact_geometry_v2,33da67713ccff04630bf581c189de1c2cda02a6b29515c1403622af447745d93
1,1,1,0.0504552570000669,1044.5375608888123,0.0160510604775638,0.0010700706985042,0.4583930970683134,89.0,,969,150,1655,26,97,0,random,D1_50011,D1,APFMultiRRT,8011,exact_geometry_v2,33da67713ccff04630bf581c189de1c2cda02a6b29515c1403622af447745d93
1,1,1,0.3424685490001593,1006.7093690488806,0.0166413963198664,0.0011094264213244,2.074285476986681,86.33333333333333,,888,152,6790,27,5444,2892,random,D1_50011,D1,RALMultiRRT,8011,exact_geometry_v2,33da67713ccff04630bf581c189de1c2cda02a6b29515c1403622af447745d93
1,1,1,0.0091742199999771,972.9466142687444,0.0113003250805837,0.0007533550053722,4.925087005931296,83.33333333333333,,137,94,656,24,0,0,random,D1_50012,D1,MultiRRT,8012,exact_geometry_v2,836ae2e9ff971ee93114ecaa2b14c9ed5668bd5d4e813121e56efbb1a9c62c1e
1,1,1,0.0121429650000663,973.0625034456808,0.0100993028695677,0.0006732868579711,2.2062080486920426,83.0,,206,155,781,24,0,0,random,D1_50012,D1,RRTStar,8012,exact_geometry_v2,836ae2e9ff971ee93114ecaa2b14c9ed5668bd5d4e813121e56efbb1a9c62c1e
1,1,1,0.0141294790000756,973.0625034456808,0.0100993028695677,0.0006732868579711,2.2062080486920426,83.0,,206,155,946,24,0,0,random,D1_50012,D1,RRTStarSmart,8012,exact_geometry_v2,836ae2e9ff971ee93114ecaa2b14c9ed5668bd5d4e813121e56efbb1a9c62c1e
1,1,1,0.0412686099998609,974.5409019810298,0.0133535195651835,0.0008902346376789,0.7020906171285368,83.33333333333333,,816,150,1506,27,88,0,random,D1_50012,D1,APFMultiRRT,8012,exact_geometry_v2,836ae2e9ff971ee93114ecaa2b14c9ed5668bd5d4e813121e56efbb1a9c62c1e
1,1,1,0.3061999970000215,1000.268348830488,0.0219201285469536,0.0014613419031302,1.40497254368546,86.0,,801,149,5955,28,4623,2516,random,D1_50012,D1,RALMultiRRT,8012,exact_geometry_v2,836ae2e9ff971ee93114ecaa2b14c9ed5668bd5d4e813121e56efbb1a9c62c1e
1,1,1,0.0116859459999432,1026.179120775592,0.0270412923725097,0.0018027528248339,3.681981607581008,87.33333333333333,,157,98,723,28,0,0,random,D1_50013,D1,MultiRRT,8013,exact_geometry_v2,aae07afb8a4625c78b749d7acea627b3e9894f9821a56cfacf4e12715dab5018
1,1,1,0.0135107260000495,997.3565304450096,0.0259713203031804,0.0017314213535453,0.60470799988361,85.33333333333333,,227,161,784,25,0,0,random,D1_50013,D1,RRTStar,8013,exact_geometry_v2,aae07afb8a4625c78b749d7acea627b3e9894f9821a56cfacf4e12715dab5018
1,1,1,0.015065759999743,997.3565304450096,0.0259713203031804,0.0017314213535453,0.60470799988361,85.33333333333333,,227,161,971,25,0,0,random,D1_50013,D1,RRTStarSmart,8013,exact_geometry_v2,aae07afb8a4625c78b749d7acea627b3e9894f9821a56cfacf4e12715dab5018
1,1,1,0.048454331999892,999.284458512484,0.0126954372850762,0.0008463624856717,1.8921572950822971,86.0,,855,147,1562,24,91,0,random,D1_50013,D1,APFMultiRRT,8013,exact_geometry_v2,aae07afb8a4625c78b749d7acea627b3e9894f9821a56cfacf4e12715dab5018
1,1,1,0.3984454720000485,1020.9876374442956,0.0248238872627224,0.0016549258175148,3.264886325139507,88.0,,1029,148,6302,24,5023,2712,random,D1_50013,D1,RALMultiRRT,8013,exact_geometry_v2,aae07afb8a4625c78b749d7acea627b3e9894f9821a56cfacf4e12715dab5018
1,1,1,0.0143181130001721,967.2742914020456,0.0112114263622102,0.0007474284241473,1.7188258131610894,83.66666666666667,,287,189,824,26,0,0,random,D1_50014,D1,MultiRRT,8014,exact_geometry_v2,727c574c611ebd35f467ed29e90376b22ba66a5f705facb76070424b8427d7d0
1,1,1,0.0218401440001798,977.9728329186776,0.0153605470529953,0.0010240364701996,1.920062196833633,84.66666666666667,,353,250,1061,25,0,0,random,D1_50014,D1,RRTStar,8014,exact_geometry_v2,727c574c611ebd35f467ed29e90376b22ba66a5f705facb76070424b8427d7d0
1,1,1,0.0238441840001542,977.9728329186776,0.0153605470529953,0.0010240364701996,1.920062196833633,84.66666666666667,,353,250,1252,25,0,0,random,D1_50014,D1,RRTStarSmart,8014,exact_geometry_v2,727c574c611ebd35f467ed29e90376b22ba66a5f705facb76070424b8427d7d0
1,1,1,0.0584823780000078,1031.3242973415456,0.0203090793821549,0.0013539386254769,1.9370392964877965,88.66666666666667,,1362,162,1886,22,126,0,random,D1_50014,D1,APFMultiRRT,8014,exact_geometry_v2,727c574c611ebd35f467ed29e90376b22ba66a5f705facb76070424b8427d7d0
1,1,1,0.3646391490001406,995.7973459806902,0.0163651471011627,0.0010910098067441,2.121915689128528,85.33333333333333,,855,151,6750,24,5452,2904,random,D1_50014,D1,RALMultiRRT,8014,exact_geometry_v2,727c574c611ebd35f467ed29e90376b22ba66a5f705facb76070424b8427d7d0
1,1,1,0.0212946570004533,1087.3449135635667,0.0233828579319102,0.0015588571954606,0.8243296449902218,92.66666666666669,,315,144,786,23,0,0,random,D2_51000,D2,MultiRRT,8000,exact_geometry_v2,0d0da471bf65bb098e2d814f82f5d6e11f01d52272d1cf0eb525edd3e898bd9d
1,1,1,0.0266374000002542,1056.5119653720103,0.0197410178465819,0.0013160678564387,1.3239717094898964,90.0,,379,192,917,23,0,0,random,D2_51000,D2,RRTStar,8000,exact_geometry_v2,0d0da471bf65bb098e2d814f82f5d6e11f01d52272d1cf0eb525edd3e898bd9d
1,1,1,0.0276447479998296,1056.5119653720103,0.0197410178465819,0.0013160678564387,1.3239717094898964,90.0,,379,192,1055,23,0,0,random,D2_51000,D2,RRTStarSmart,8000,exact_geometry_v2,0d0da471bf65bb098e2d814f82f5d6e11f01d52272d1cf0eb525edd3e898bd9d
1,1,1,0.0635790900000756,970.8280240466462,0.0139970061385634,0.0009331337425708,0.6007575419982558,83.33333333333333,,774,145,1528,29,82,0,random,D2_51000,D2,APFMultiRRT,8000,exact_geometry_v2,0d0da471bf65bb098e2d814f82f5d6e11f01d52272d1cf0eb525edd3e898bd9d
1,1,1,0.5034463269998923,1019.5520970752532,0.0248620348242319,0.0016574689882821,2.84981854421887,87.33333333333333,,1038,179,6138,27,5234,2956,random,D2_51000,D2,RALMultiRRT,8000,exact_geometry_v2,0d0da471bf65bb098e2d814f82f5d6e11f01d52272d1cf0eb525edd3e898bd9d
1,1,1,0.0207459600001129,1040.4724535977564,0.0374242087923496,0.0024949472528233,0.4514915312847627,89.66666666666667,,279,111,807,27,0,0,random,D2_51001,D2,MultiRRT,8001,exact_geometry_v2,6c888051e87d559174c2527564ccf74822faa6c0b4b71733a85bd2646e53b0ae
1,1,1,0.0215355999998791,1023.5808800166008,0.0207297715312755,0.0013819847687516,0.4475802029361908,88.0,,344,162,824,24,0,0,random,D2_51001,D2,RRTStar,8001,exact_geometry_v2,6c888051e87d559174c2527564ccf74822faa6c0b4b71733a85bd2646e53b0ae
1,1,1,0.0261314059998767,1023.5808800166008,0.0207297715312755,0.0013819847687516,0.4475802029361908,88.0,,344,162,1024,24,0,0,random,D2_51001,D2,RRTStarSmart,8001,exact_geometry_v2,6c888051e87d559174c2527564ccf74822faa6c0b4b71733a85bd2646e53b0ae
1,1,1,0.0676875929998459,1022.0133743095828,0.0212129381868545,0.0014141958791236,1.12774424098129,88.0,,903,142,1708,36,91,0,random,D2_51001,D2,APFMultiRRT,8001,exact_geometry_v2,6c888051e87d559174c2527564ccf74822faa6c0b4b71733a85bd2646e53b0ae
1,1,1,0.4178746170000522,1012.3460225895392,0.0217626643814156,0.0014508442920943,0.9544817845639848,87.66666666666667,,990,170,5415,30,4303,2516,random,D2_51001,D2,RALMultiRRT,8001,exact_geometry_v2,6c888051e87d559174c2527564ccf74822faa6c0b4b71733a85bd2646e53b0ae
1,1,1,0.0146779439999136,1048.2442410098229,0.0150044942940884,0.0010002996196058,0.7167587193520717,89.33333333333333,,214,108,702,25,0,0,random,D2_51002,D2,MultiRRT,8002,exact_geometry_v2,2b322707d99224518a08a4f042fddb261ba1c1ad4c69d2cc3fb5db8eecc39b13
1,1,1,0.01994841800024,1008.5975656182908,0.0124582141196448,0.0008305476079763,0.7167587193520717,86.33333333333333,,293,176,852,26,0,0,random,D2_51002,D2,RRTStar,8002,exact_geometry_v2,2b322707d99224518a08a4f042fddb261ba1c1ad4c69d2cc3fb5db8eecc39b13
1,1,1,0.0230866379997678,1008.5975656182908,0.0124582141196448,0.0008305476079763,0.7167587193520717,86.33333333333333,,293,176,992,26,0,0,random,D2_51002,D2,RRTStarSmart,8002,exact_geometry_v2,2b322707d99224518a08a4f042fddb261ba1c1ad4c69d2cc3fb5db8eecc39b13
1,1,1,0.0634550430002036,1016.165585205662,0.0210025073527095,0.0014001671568473,1.2406777535144151,87.33333333333333,,918,148,1691,34,90,0,random,D2_51002,D2,APFMultiRRT,8002,exact_geometry_v2,2b322707d99224518a08a4f042fddb261ba1c1ad4c69d2cc3fb5db8eecc39b13
1,1,1,0.3636923699998533,992.6854772122816,0.0326475292130303,0.0021765019475353,1.6386265855524087,85.33333333333333,,930,139,4984,27,3964,2228,random,D2_51002,D2,RALMultiRRT,8002,exact_geometry_v2,2b322707d99224518a08a4f042fddb261ba1c1ad4c69d2cc3fb5db8eecc39b13
1,1,1,0.0180041860000983,1047.797480952294,0.0305385840263837,0.0020359056017589,0.718845094198473,90.0,,116,82,748,24,0,0,random,D2_51003,D2,MultiRRT,8003,exact_geometry_v2,f379c45a3f11e281e3e4ca1f7f429d09239da7ba206e347e634abc53b8bb63aa
1,1,1,0.0259413309997853,1032.6705817493769,0.0327947696513525,0.0021863179767568,0.9766847467528096,88.66666666666667,,191,144,923,29,0,0,random,D2_51003,D2,RRTStar,8003,exact_geometry_v2,f379c45a3f11e281e3e4ca1f7f429d09239da7ba206e347e634abc53b8bb63aa
1,1,1,0.0317376870000316,1032.6705817493769,0.0327947696513525,0.0021863179767568,0.9766847467528096,88.66666666666667,,191,144,1148,29,0,0,random,D2_51003,D2,RRTStarSmart,8003,exact_geometry_v2,f379c45a3f11e281e3e4ca1f7f429d09239da7ba206e347e634abc53b8bb63aa
1,1,1,0.080611011999963,1032.0588815829296,0.0172325320440585,0.0011488354696039,2.289358751594939,88.66666666666667,,939,168,1743,32,99,0,random,D2_51003,D2,APFMultiRRT,8003,exact_geometry_v2,f379c45a3f11e281e3e4ca1f7f429d09239da7ba206e347e634abc53b8bb63aa
1,1,1,0.4756516819998069,1056.1130490224712,0.0461602261531183,0.0030773484102078,2.620595173408629,93.33333333333331,,858,152,5291,34,3998,2256,random,D2_51003,D2,RALMultiRRT,8003,exact_geometry_v2,f379c45a3f11e281e3e4ca1f7f429d09239da7ba206e347e634abc53b8bb63aa
0,0,0,0.0296972220000952,,,,,,no_path,670,282,801,17,0,0,random,D2_51004,D2,MultiRRT,8004,exact_geometry_v2,9cae5a1503ac2f1effb43a644ce614075dfb110ce7f49b25d2d790a94ee8ef6f
0,0,0,0.039439965999918,,,,,,no_path,704,313,1033,22,0,0,random,D2_51004,D2,RRTStar,8004,exact_geometry_v2,9cae5a1503ac2f1effb43a644ce614075dfb110ce7f49b25d2d790a94ee8ef6f
0,0,0,0.0418862740000349,,,,,,no_path,704,313,1150,22,0,0,random,D2_51004,D2,RRTStarSmart,8004,exact_geometry_v2,9cae5a1503ac2f1effb43a644ce614075dfb110ce7f49b25d2d790a94ee8ef6f
1,1,1,0.1779065430000628,1088.0167648250924,0.0399517784303367,0.0026634518953557,5.001802883834039,94.0,,3150,219,3829,37,230,0,random,D2_51004,D2,APFMultiRRT,8004,exact_geometry_v2,9cae5a1503ac2f1effb43a644ce614075dfb110ce7f49b25d2d790a94ee8ef6f
1,1,1,0.4637959530000444,1011.6788410706748,0.0239745457712205,0.0015983030514147,2.57026521646632,87.33333333333333,,966,158,5750,27,4664,2608,random,D2_51004,D2,RALMultiRRT,8004,exact_geometry_v2,9cae5a1503ac2f1effb43a644ce614075dfb110ce7f49b25d2d790a94ee8ef6f
1,1,1,0.0208844290000342,993.8642593752216,0.0247833537313036,0.0016522235820869,3.9957494778892055,84.66666666666667,,241,136,701,22,0,0,random,D2_51005,D2,MultiRRT,8005,exact_geometry_v2,4ad05d83a4ff007595f1caa77d60f1efe05e9bff42670501bbc673a867e12be1
1,1,1,0.0335044089999883,983.5990582327432,0.01731631908511,0.0011544212723406,1.822779399128443,84.0,,315,188,959,30,0,0,random,D2_51005,D2,RRTStar,8005,exact_geometry_v2,4ad05d83a4ff007595f1caa77d60f1efe05e9bff42670501bbc673a867e12be1
1,1,1,0.0419518030000745,983.5990582327432,0.01731631908511,0.0011544212723406,1.822779399128443,84.0,,315,188,1138,30,0,0,random,D2_51005,D2,RRTStarSmart,8005,exact_geometry_v2,4ad05d83a4ff007595f1caa77d60f1efe05e9bff42670501bbc673a867e12be1
1,1,1,0.0844518009998864,989.3369157171486,0.0281947924582317,0.0018796528305487,4.332100319816583,85.0,,981,158,1706,30,97,0,random,D2_51005,D2,APFMultiRRT,8005,exact_geometry_v2,4ad05d83a4ff007595f1caa77d60f1efe05e9bff42670501bbc673a867e12be1
1,1,1,0.5031186460003028,989.7449503115052,0.0193929937614679,0.0012928662507645,0.4180836066121358,85.0,,801,147,5604,27,4593,2552,random,D2_51005,D2,RALMultiRRT,8005,exact_geometry_v2,4ad05d83a4ff007595f1caa77d60f1efe05e9bff42670501bbc673a867e12be1
1,1,1,0.0164100970000617,971.49845186017,0.0088277363549319,0.0005885157569954,2.1543233275294984,83.0,,170,91,676,25,0,0,random,D2_51006,D2,MultiRRT,8006,exact_geometry_v2,db342311a8abfdc4f7c3e3782492af543d1b72d25e940c4be207089c7fed90c9
1,1,1,0.021954605999781,1011.130254812686,0.015934717792154,0.0010623145194769,2.047932550804383,86.33333333333333,,236,147,732,22,0,0,random,D2_51006,D2,RRTStar,8006,exact_geometry_v2,db342311a8abfdc4f7c3e3782492af543d1b72d25e940c4be207089c7fed90c9
1,1,1,0.0228418919998603,1011.130254812686,0.015934717792154,0.0010623145194769,2.047932550804383,86.33333333333333,,236,147,872,22,0,0,random,D2_51006,D2,RRTStarSmart,8006,exact_geometry_v2,db342311a8abfdc4f7c3e3782492af543d1b72d25e940c4be207089c7fed90c9
1,1,1,0.0781533480001144,1002.3192602382766,0.0130166243123929,0.0008677749541595,1.9406478258458544,86.33333333333333,,945,151,1782,29,101,0,random,D2_51006,D2,APFMultiRRT,8006,exact_geometry_v2,db342311a8abfdc4f7c3e3782492af543d1b72d25e940c4be207089c7fed90c9
1,1,1,0.5290188129999933,970.91176750327,0.0071967681565146,0.0004797845437676,7.2016141483886855,82.66666666666667,,888,160,6440,30,5182,2812,random,D2_51006,D2,RALMultiRRT,8006,exact_geometry_v2,db342311a8abfdc4f7c3e3782492af543d1b72d25e940c4be207089c7fed90c9
1,1,1,0.0205530420000741,1060.1127060731762,0.0139112387243335,0.0009274159149555,0.3948171999844341,90.66666666666669,,310,142,854,27,0,0,random,D2_51007,D2,MultiRRT,8007,exact_geometry_v2,aac9eb2eeeaaf022c411c7d93b0c43916926d9daccf9bc46e1f57220d893a0f1
1,1,1,0.0241765349999241,1020.6445539866633,0.0146322552594281,0.0009754836839618,1.8174071932164324,87.33333333333333,,378,198,921,25,0,0,random,D2_51007,D2,RRTStar,8007,exact_geometry_v2,aac9eb2eeeaaf022c411c7d93b0c43916926d9daccf9bc46e1f57220d893a0f1
1,1,1,0.0275042109999503,1020.6445539866633,0.0146322552594281,0.0009754836839618,1.8174071932164324,87.33333333333333,,378,198,1075,25,0,0,random,D2_51007,D2,RRTStarSmart,8007,exact_geometry_v2,aac9eb2eeeaaf022c411c7d93b0c43916926d9daccf9bc46e1f57220d893a0f1
1,1,1,0.0679068539998297,1047.7570940787307,0.0375156864053072,0.0025010457603538,0.0804171012042083,92.0,,984,145,1799,33,92,0,random,D2_51007,D2,APFMultiRRT,8007,exact_geometry_v2,aac9eb2eeeaaf022c411c7d93b0c43916926d9daccf9bc46e1f57220d893a0f1
1,1,1,0.501707172000124,1022.6583048567178,0.0148671744191872,0.0009911449612791,1.3087241408499288,87.66666666666667,,1191,166,6612,31,5343,2936,random,D2_51007,D2,RALMultiRRT,8007,exact_geometry_v2,aac9eb2eeeaaf022c411c7d93b0c43916926d9daccf9bc46e1f57220d893a0f1
1,1,1,0.0231706979998307,1211.6549220875124,0.0410257459010496,0.0027350497267366,1.9766231399799492,104.0,,291,137,926,32,0,0,random,D2_51008,D2,MultiRRT,8008,exact_geometry_v2,f279d2099e116e6dc1b305f18cfc0b9e74e0fa407f8a86b6956f02c026633060
1,1,1,0.0276642220001122,1177.9564434338715,0.032592769374105,0.002172851291607,1.178731727739148,100.66666666666669,,356,191,1026,29,0,0,random,D2_51008,D2,RRTStar,8008,exact_geometry_v2,f279d2099e116e6dc1b305f18cfc0b9e74e0fa407f8a86b6956f02c026633060
1,1,1,0.0311935829997764,1177.9564434338715,0.032592769374105,0.002172851291607,1.178731727739148,100.66666666666669,,356,191,1240,29,0,0,random,D2_51008,D2,RRTStarSmart,8008,exact_geometry_v2,f279d2099e116e6dc1b305f18cfc0b9e74e0fa407f8a86b6956f02c026633060
1,1,1,0.0585363889999825,968.238429004844,0.0160746883844007,0.0010716458922933,1.0594204614590694,83.33333333333333,,738,139,1552,34,78,0,random,D2_51008,D2,APFMultiRRT,8008,exact_geometry_v2,f279d2099e116e6dc1b305f18cfc0b9e74e0fa407f8a86b6956f02c026633060
1,1,1,0.3502973049999127,979.6236663033764,0.0317064898156532,0.0021137659877102,0.8476249628593635,86.0,,822,142,4795,33,3729,2152,random,D2_51008,D2,RALMultiRRT,8008,exact_geometry_v2,f279d2099e116e6dc1b305f18cfc0b9e74e0fa407f8a86b6956f02c026633060
1,1,1,0.0277783839997027,1107.9706018560148,0.0238200779834087,0.0015880051988939,4.897320858190554,95.0,,243,119,930,37,0,0,random,D2_51009,D2,MultiRRT,8009,exact_geometry_v2,7887799a1110509b2d4dfb8cfc44dab6aae71cfe3034e66b5b31bfc7c6310224
1,1,1,0.0274913500002185,1053.0585120155347,0.0143521944439127,0.0009568129629275,3.970653276462748,90.0,,308,172,930,31,0,0,random,D2_51009,D2,RRTStar,8009,exact_geometry_v2,7887799a1110509b2d4dfb8cfc44dab6aae71cfe3034e66b5b31bfc7c6310224
1,1,1,0.0290194229999087,1053.0585120155347,0.0143521944439127,0.0009568129629275,3.970653276462748,90.0,,308,172,1055,31,0,0,random,D2_51009,D2,RRTStarSmart,8009,exact_geometry_v2,7887799a1110509b2d4dfb8cfc44dab6aae71cfe3034e66b5b31bfc7c6310224
1,1,1,0.0821519679996072,976.1163906221668,0.0108188458641859,0.0007212563909457,1.3872782041613618,83.66666666666667,,1032,154,1761,33,104,0,random,D2_51009,D2,APFMultiRRT,8009,exact_geometry_v2,7887799a1110509b2d4dfb8cfc44dab6aae71cfe3034e66b5b31bfc7c6310224
1,1,1,0.4927377209999122,980.9456989972838,0.0152201264189524,0.0010146750945968,0.7688992680677629,84.33333333333333,,765,152,5933,29,4795,2600,random,D2_51009,D2,RALMultiRRT,8009,exact_geometry_v2,7887799a1110509b2d4dfb8cfc44dab6aae71cfe3034e66b5b31bfc7c6310224
1,1,1,0.0273306990000037,1051.7985282346974,0.0255361943153786,0.0017024129543585,2.69161730039189,90.0,,325,161,900,28,0,0,random,D2_51010,D2,MultiRRT,8010,exact_geometry_v2,565f4814d4bd2d000160b8ea191f5a4bfea8f9a3f0c440d4ed177947f3ac8381
1,1,1,0.0360244339999553,1073.764720290437,0.0394673818038767,0.0026311587869251,0.9138061579336584,92.66666666666669,,392,209,1096,30,0,0,random,D2_51010,D2,RRTStar,8010,exact_geometry_v2,565f4814d4bd2d000160b8ea191f5a4bfea8f9a3f0c440d4ed177947f3ac8381
1,1,1,0.040461051000193,1073.764720290437,0.0394673818038767,0.0026311587869251,0.9138061579336584,92.66666666666669,,392,209,1331,30,0,0,random,D2_51010,D2,RRTStarSmart,8010,exact_geometry_v2,565f4814d4bd2d000160b8ea191f5a4bfea8f9a3f0c440d4ed177947f3ac8381
1,1,1,0.1184658069998931,1029.803058082128,0.0438683883601134,0.0029245592240075,1.383866697433291,89.33333333333333,,1758,207,2225,35,146,0,random,D2_51010,D2,APFMultiRRT,8010,exact_geometry_v2,565f4814d4bd2d000160b8ea191f5a4bfea8f9a3f0c440d4ed177947f3ac8381
1,1,1,0.7423475750001671,986.8573691746468,0.0157176339455067,0.0010478422630337,0.3660733019134756,84.33333333333333,,2223,202,8527,32,6813,3956,random,D2_51010,D2,RALMultiRRT,8010,exact_geometry_v2,565f4814d4bd2d000160b8ea191f5a4bfea8f9a3f0c440d4ed177947f3ac8381
1,1,1,0.0232212209998579,1016.7992632295278,0.0377997055314334,0.0025199803687622,2.403525085382496,87.66666666666667,,301,157,903,29,0,0,random,D2_51011,D2,MultiRRT,8011,exact_geometry_v2,7b9310b64c68da9ab39b65541764fe364b4b4fbb97084aacfcdc8e2c5e2d658e
1,1,1,0.0295159390000208,999.7106792777892,0.0307625863899485,0.0020508390926632,3.2386257357578003,86.0,,368,211,1039,33,0,0,random,D2_51011,D2,RRTStar,8011,exact_geometry_v2,7b9310b64c68da9ab39b65541764fe364b4b4fbb97084aacfcdc8e2c5e2d658e
1,1,1,0.0340928039997834,999.7106792777892,0.0307625863899485,0.0020508390926632,3.2386257357578003,86.0,,368,211,1254,33,0,0,random,D2_51011,D2,RRTStarSmart,8011,exact_geometry_v2,7b9310b64c68da9ab39b65541764fe364b4b4fbb97084aacfcdc8e2c5e2d658e
1,1,1,0.0743433469999672,1063.3885957220166,0.0212716784713825,0.0014181118980921,2.6529087437442342,91.33333333333331,,1110,148,1879,35,98,0,random,D2_51011,D2,APFMultiRRT,8011,exact_geometry_v2,7b9310b64c68da9ab39b65541764fe364b4b4fbb97084aacfcdc8e2c5e2d658e
1,1,1,0.4757566530001895,1062.9166858058773,0.0609292234619167,0.0040619482307944,0.6317780064609835,93.66666666666669,,2132,203,6699,29,5224,3156,random,D2_51011,D2,RALMultiRRT,8011,exact_geometry_v2,7b9310b64c68da9ab39b65541764fe364b4b4fbb97084aacfcdc8e2c5e2d658e
1,1,1,0.0187045739999121,1073.73527046328,0.0149705590615971,0.0009980372707731,0.1972814844511958,92.0,,170,109,732,27,0,0,random,D2_51012,D2,MultiRRT,8012,exact_geometry_v2,16084164307046ada0c742a6553079623868f88b2268b1967bf497e528e67dad
1,1,1,0.0193723810000392,1055.3235310817745,0.01061041963937,0.0007073613092913,1.567521161193369,90.33333333333331,,240,167,772,23,0,0,random,D2_51012,D2,RRTStar,8012,exact_geometry_v2,16084164307046ada0c742a6553079623868f88b2268b1967bf497e528e67dad
1,1,1,0.0216497130002153,1055.3235310817745,0.01061041963937,0.0007073613092913,1.567521161193369,90.33333333333331,,240,167,923,23,0,0,random,D2_51012,D2,RRTStarSmart,8012,exact_geometry_v2,16084164307046ada0c742a6553079623868f88b2268b1967bf497e528e67dad
1,1,1,0.0763885410001421,985.9117446368114,0.0129907783859875,0.0008660518923991,2.6875243871747507,84.33333333333333,,1293,164,1731,22,113,0,random,D2_51012,D2,APFMultiRRT,8012,exact_geometry_v2,16084164307046ada0c742a6553079623868f88b2268b1967bf497e528e67dad
1,1,1,0.5256718129999172,1056.3872538970766,0.0402805365845991,0.0026853691056399,0.388462167412726,91.66666666666669,,990,169,6453,34,5261,2856,random,D2_51012,D2,RALMultiRRT,8012,exact_geometry_v2,16084164307046ada0c742a6553079623868f88b2268b1967bf497e528e67dad
0,0,0,0.016247960000328,,,,,,no_path,335,110,495,14,0,0,random,D2_51013,D2,MultiRRT,8013,exact_geometry_v2,3eaaf216d66c5b4491dd06bf7d0e67037523a7ceae8b63c6d653d30ec52e084e
0,0,0,0.0198347670000202,,,,,,no_path,391,155,616,17,0,0,random,D2_51013,D2,RRTStar,8013,exact_geometry_v2,3eaaf216d66c5b4491dd06bf7d0e67037523a7ceae8b63c6d653d30ec52e084e
0,0,0,0.0268880269998135,,,,,,no_path,391,155,732,17,0,0,random,D2_51013,D2,RRTStarSmart,8013,exact_geometry_v2,3eaaf216d66c5b4491dd06bf7d0e67037523a7ceae8b63c6d653d30ec52e084e
1,1,1,0.0624900010000146,973.678465684908,0.0127111251295416,0.0008474083419694,1.5044860200627532,83.66666666666667,,903,154,1542,26,87,0,random,D2_51013,D2,APFMultiRRT,8013,exact_geometry_v2,3eaaf216d66c5b4491dd06bf7d0e67037523a7ceae8b63c6d653d30ec52e084e
1,1,1,0.4295014220001576,973.7946062298114,0.0173926406456131,0.0011595093763742,1.255697866006081,84.33333333333333,,819,152,5648,30,4429,2440,random,D2_51013,D2,RALMultiRRT,8013,exact_geometry_v2,3eaaf216d66c5b4491dd06bf7d0e67037523a7ceae8b63c6d653d30ec52e084e
1,1,1,0.0221457819998249,1165.6400095105537,0.0499884807179682,0.0033325653811978,1.5275911076727908,100.66666666666669,,208,111,903,32,0,0,random,D2_51014,D2,MultiRRT,8014,exact_geometry_v2,7c9190fed2b45686e5e009139108354084e564ae0e3724b98b7065cadbd71b44
1,1,1,0.0268299409999599,1081.3640968281677,0.03117211875933,0.002078141250622,4.573696692156625,93.66666666666669,,274,164,932,27,0,0,random,D2_51014,D2,RRTStar,8014,exact_geometry_v2,7c9190fed2b45686e5e009139108354084e564ae0e3724b98b7065cadbd71b44
1,1,1,0.0294009760000335,1081.3640968281677,0.03117211875933,0.002078141250622,4.573696692156625,93.66666666666669,,274,164,1161,27,0,0,random,D2_51014,D2,RRTStarSmart,8014,exact_geometry_v2,7c9190fed2b45686e5e009139108354084e564ae0e3724b98b7065cadbd71b44
1,1,1,0.0831004280000797,1054.7167526306864,0.0431443051345994,0.0028762870089732,0.6578365505567252,92.33333333333331,,1173,160,1906,34,105,0,random,D2_51014,D2,APFMultiRRT,8014,exact_geometry_v2,7c9190fed2b45686e5e009139108354084e564ae0e3724b98b7065cadbd71b44
1,1,1,0.4826197380000394,1002.2213520079534,0.0200384646947312,0.0013358976463154,0.9367783052808818,87.33333333333333,,924,157,5976,29,4760,2604,random,D2_51014,D2,RALMultiRRT,8014,exact_geometry_v2,7c9190fed2b45686e5e009139108354084e564ae0e3724b98b7065cadbd71b44
1,1,1,0.0459308319998399,1058.413208229074,0.039482132521065,0.002632142168071,1.8607304092064825,90.66666666666669,,285,127,973,36,0,0,random,D3_52000,D3,MultiRRT,8000,exact_geometry_v2,9a54e6f3133eb8f584b551075b19cf9b4c8eb1731a8cebf3a5aa7cb1954ef0f6
1,1,1,0.0391007380003429,1037.137713524716,0.0452694634922906,0.0030179642328193,1.7668381660247476,89.66666666666667,,353,175,937,25,0,0,random,D3_52000,D3,RRTStar,8000,exact_geometry_v2,9a54e6f3133eb8f584b551075b19cf9b4c8eb1731a8cebf3a5aa7cb1954ef0f6
1,1,1,0.0483652220002568,1035.1942186932165,0.0447618684636572,0.0029841245642438,1.7668381660247476,89.33333333333333,,353,175,1166,27,0,0,random,D3_52000,D3,RRTStarSmart,8000,exact_geometry_v2,9a54e6f3133eb8f584b551075b19cf9b4c8eb1731a8cebf3a5aa7cb1954ef0f6
1,1,1,0.1059439600001042,1025.9651146699275,0.0232041036944155,0.0015469402462943,0.599608163932082,88.33333333333333,,954,146,1647,26,94,0,random,D3_52000,D3,APFMultiRRT,8000,exact_geometry_v2,9a54e6f3133eb8f584b551075b19cf9b4c8eb1731a8cebf3a5aa7cb1954ef0f6
1,1,1,0.6584973050000826,992.4659837140038,0.0181911036797706,0.001212740245318,0.3720095891066108,85.66666666666667,,912,160,5644,30,4706,2644,random,D3_52000,D3,RALMultiRRT,8000,exact_geometry_v2,9a54e6f3133eb8f584b551075b19cf9b4c8eb1731a8cebf3a5aa7cb1954ef0f6
0,0,0,0.0330503469999712,,,,,,no_path,495,196,773,20,0,0,random,D3_52001,D3,MultiRRT,8001,exact_geometry_v2,16c78b9b2baa6747931b55ef15e4ba9eab9c391c2da4c62862cd6eaa025652ba
0,0,0,0.0375686859999859,,,,,,no_path,543,232,875,19,0,0,random,D3_52001,D3,RRTStar,8001,exact_geometry_v2,16c78b9b2baa6747931b55ef15e4ba9eab9c391c2da4c62862cd6eaa025652ba
0,0,0,0.0394197790001271,,,,,,no_path,543,232,977,19,0,0,random,D3_52001,D3,RRTStarSmart,8001,exact_geometry_v2,16c78b9b2baa6747931b55ef15e4ba9eab9c391c2da4c62862cd6eaa025652ba
1,1,1,0.0863246979999985,986.5052959958954,0.0152075615498422,0.0010138374366561,0.921587741681794,85.66666666666667,,999,149,1651,31,91,0,random,D3_52001,D3,APFMultiRRT,8001,exact_geometry_v2,16c78b9b2baa6747931b55ef15e4ba9eab9c391c2da4c62862cd6eaa025652ba
1,1,1,0.4895244790000106,1014.3018837583536,0.0490987897074904,0.003273252647166,0.4625113430558372,92.66666666666669,,1023,155,4993,26,4056,2388,random,D3_52001,D3,RALMultiRRT,8001,exact_geometry_v2,16c78b9b2baa6747931b55ef15e4ba9eab9c391c2da4c62862cd6eaa025652ba
1,1,1,0.0248736949999965,981.1212926578356,0.024812215915806,0.0016541477277204,0.8058749496616144,85.0,,177,99,729,26,0,0,random,D3_52002,D3,MultiRRT,8002,exact_geometry_v2,d6d7fafc9b3f935ccf0668f0ba0f532ddfd7f97a18a02bc0092f0f8558ef6b46
1,1,1,0.0286004419999699,1004.7009639544456,0.0327443158401733,0.0021829543893448,0.8855349259375309,86.66666666666667,,244,148,805,26,0,0,random,D3_52002,D3,RRTStar,8002,exact_geometry_v2,d6d7fafc9b3f935ccf0668f0ba0f532ddfd7f97a18a02bc0092f0f8558ef6b46
1,1,1,0.0358648930000526,1004.7009639544456,0.0327443158401733,0.0021829543893448,0.8855349259375309,86.66666666666667,,244,148,992,26,0,0,random,D3_52002,D3,RRTStarSmart,8002,exact_geometry_v2,d6d7fafc9b3f935ccf0668f0ba0f532ddfd7f97a18a02bc0092f0f8558ef6b46
1,1,1,0.1212811279999641,1021.64415687022,0.0346044544420776,0.0023069636294718,0.4651947488900241,88.66666666666667,,1447,161,2064,29,115,0,random,D3_52002,D3,APFMultiRRT,8002,exact_geometry_v2,d6d7fafc9b3f935ccf0668f0ba0f532ddfd7f97a18a02bc0092f0f8558ef6b46
1,1,1,0.7793350289998671,1008.7149191453404,0.0184673052998946,0.0012311536866596,1.6972373438765178,87.0,,1602,177,7233,25,6001,3388,random,D3_52002,D3,RALMultiRRT,8002,exact_geometry_v2,d6d7fafc9b3f935ccf0668f0ba0f532ddfd7f97a18a02bc0092f0f8558ef6b46
1,1,1,0.0282601590001831,1075.9964830361332,0.0525709438153767,0.0035047295876917,0.0716314651196867,93.33333333333331,,226,113,891,30,0,0,random,D3_52003,D3,MultiRRT,8003,exact_geometry_v2,f31a6df32cfb2a15d79c8d51549cc068a76bd3a100c3d601d60d3745e132bf7e
1,1,1,0.0414431619999504,1061.5622610359203,0.0524460257521485,0.0034964017168099,1.3454115677709737,93.33333333333331,,302,177,1139,33,0,0,random,D3_52003,D3,RRTStar,8003,exact_geometry_v2,f31a6df32cfb2a15d79c8d51549cc068a76bd3a100c3d601d60d3745e132bf7e
1,1,1,0.0479813280003327,1056.2491938230178,0.045815834585719,0.0030543889723812,1.3597180555360069,91.66666666666669,,302,177,1383,38,0,0,random,D3_52003,D3,RRTStarSmart,8003,exact_geometry_v2,f31a6df32cfb2a15d79c8d51549cc068a76bd3a100c3d601d60d3745e132bf7e
1,1,1,0.0989082040000539,1055.0873692977675,0.0393903580044274,0.0026260238669618,0.0476409151337406,92.66666666666669,,1203,155,1934,34,103,0,random,D3_52003,D3,APFMultiRRT,8003,exact_geometry_v2,f31a6df32cfb2a15d79c8d51549cc068a76bd3a100c3d601d60d3745e132bf7e
1,1,1,0.4357074859999557,984.153675726242,0.0185353039362998,0.0012356869290866,0.5053630826223454,84.33333333333333,,861,143,4495,30,3636,2176,random,D3_52003,D3,RALMultiRRT,8003,exact_geometry_v2,f31a6df32cfb2a15d79c8d51549cc068a76bd3a100c3d601d60d3745e132bf7e
1,1,1,0.0356192920000921,1023.333879719186,0.0366672791991062,0.0024444852799404,0.6291502479868143,88.66666666666667,,598,235,957,22,0,0,random,D3_52004,D3,MultiRRT,8004,exact_geometry_v2,48def3ff447a16882c16d3f9e3ee19d80b0a0a81af130400d35be33456eb19a8
1,1,1,0.0491280060000463,1008.2595176132298,0.0172949344531572,0.0011529956302104,0.8335300620972461,87.33333333333333,,660,289,1212,27,0,0,random,D3_52004,D3,RRTStar,8004,exact_geometry_v2,48def3ff447a16882c16d3f9e3ee19d80b0a0a81af130400d35be33456eb19a8
1,1,1,0.0584634569995614,1008.2595176132298,0.0172949344531572,0.0011529956302104,0.8335300620972461,87.33333333333333,,660,289,1451,27,0,0,random,D3_52004,D3,RRTStarSmart,8004,exact_geometry_v2,48def3ff447a16882c16d3f9e3ee19d80b0a0a81af130400d35be33456eb19a8
1,1,1,0.0817451830000663,993.452524449604,0.0298749069869109,0.001991660465794,0.5321958328138869,86.33333333333333,,918,148,1650,28,94,0,random,D3_52004,D3,APFMultiRRT,8004,exact_geometry_v2,48def3ff447a16882c16d3f9e3ee19d80b0a0a81af130400d35be33456eb19a8
1,1,1,0.4855233269997825,985.73365527748,0.0213805211085362,0.0014253680739024,1.381523599215777,84.33333333333333,,786,152,5064,24,4093,2296,random,D3_52004,D3,RALMultiRRT,8004,exact_geometry_v2,48def3ff447a16882c16d3f9e3ee19d80b0a0a81af130400d35be33456eb19a8
1,1,1,0.0291662560000531,1089.8012867262762,0.021641873113286,0.0014427915408857,1.0347817176488403,93.0,,378,186,922,32,0,0,random,D3_52005,D3,MultiRRT,8005,exact_geometry_v2,2a44aa59567b136119184c7dbecdbb640f07435d9d3e6455c1a961a1d504c993
0,0,0,0.0379551629998786,,,,,,validator_reject,443,234,1151,28,0,0,random,D3_52005,D3,RRTStar,8005,exact_geometry_v2,2a44aa59567b136119184c7dbecdbb640f07435d9d3e6455c1a961a1d504c993
1,1,1,0.0590876790001857,1055.509898924459,0.0197680869806913,0.0013178724653794,0.8402252314997938,90.66666666666669,,443,234,1714,50,0,0,random,D3_52005,D3,RRTStarSmart,8005,exact_geometry_v2,2a44aa59567b136119184c7dbecdbb640f07435d9d3e6455c1a961a1d504c993
1,1,1,0.076412804000256,987.221707762394,0.0144465088649778,0.0009631005909985,1.852836634316972,84.66666666666667,,927,163,1683,32,95,0,random,D3_52005,D3,APFMultiRRT,8005,exact_geometry_v2,2a44aa59567b136119184c7dbecdbb640f07435d9d3e6455c1a961a1d504c993
1,1,1,0.4706317609998223,983.7733348040016,0.0202321089823503,0.00134880726549,1.90427317315368,85.0,,966,160,5525,36,4415,2488,random,D3_52005,D3,RALMultiRRT,8005,exact_geometry_v2,2a44aa59567b136119184c7dbecdbb640f07435d9d3e6455c1a961a1d504c993
0,0,0,0.025663594999969,,,,,,no_path,405,199,695,18,0,0,random,D3_52006,D3,MultiRRT,8006,exact_geometry_v2,5ef4e8fd4b522e697b27700df5b8e8085a8446a4f5a7742821f0cf7dfaa68055
0,0,0,0.035264264999796,,,,,,no_path,452,233,899,23,0,0,random,D3_52006,D3,RRTStar,8006,exact_geometry_v2,5ef4e8fd4b522e697b27700df5b8e8085a8446a4f5a7742821f0cf7dfaa68055
0,0,0,0.0376544390001072,,,,,,no_path,452,233,1047,24,0,0,random,D3_52006,D3,RRTStarSmart,8006,exact_geometry_v2,5ef4e8fd4b522e697b27700df5b8e8085a8446a4f5a7742821f0cf7dfaa68055
1,1,1,0.0735878240000147,1025.2037582529397,0.0287076367414423,0.0019138424494294,3.661369873807974,88.66666666666667,,945,136,1535,24,89,0,random,D3_52006,D3,APFMultiRRT,8006,exact_geometry_v2,5ef4e8fd4b522e697b27700df5b8e8085a8446a4f5a7742821f0cf7dfaa68055
1,1,1,0.4255720730000121,1001.9038232564236,0.0347700480149719,0.0023180032009981,0.3258419747016106,88.33333333333333,,864,158,4728,29,3791,2192,random,D3_52006,D3,RALMultiRRT,8006,exact_geometry_v2,5ef4e8fd4b522e697b27700df5b8e8085a8446a4f5a7742821f0cf7dfaa68055
1,1,1,0.0340618440002344,1185.546012251909,0.0784307257767953,0.0052287150517863,1.4162183609445265,104.33333333333331,,366,136,1013,28,0,0,random,D3_52007,D3,MultiRRT,8007,exact_geometry_v2,63c48483c70e67cf6cc8ecf4358c672922703aba0ab1e1248d49784f7b12d26d
1,1,1,0.0409865410001657,1161.33566920422,0.0722834179446782,0.0048188945296452,1.073680717020963,100.66666666666669,,437,189,1148,29,0,0,random,D3_52007,D3,RRTStar,8007,exact_geometry_v2,63c48483c70e67cf6cc8ecf4358c672922703aba0ab1e1248d49784f7b12d26d
1,1,1,0.0491568680001819,1127.251784027418,0.0631513042789739,0.0042100869519315,0.9237923842962504,97.33333333333331,,437,189,1416,32,0,0,random,D3_52007,D3,RRTStarSmart,8007,exact_geometry_v2,63c48483c70e67cf6cc8ecf4358c672922703aba0ab1e1248d49784f7b12d26d
1,1,1,0.1076794120001523,1069.113972045188,0.0502176480349587,0.0033478432023305,0.8975240286242059,94.33333333333331,,1589,160,2097,36,117,0,random,D3_52007,D3,APFMultiRRT,8007,exact_geometry_v2,63c48483c70e67cf6cc8ecf4358c672922703aba0ab1e1248d49784f7b12d26d
1,1,1,0.5083927959999528,1022.6336629900112,0.0385110510737111,0.002567403404914,0.1015736884165789,90.33333333333331,,1350,185,5307,37,4223,2528,random,D3_52007,D3,RALMultiRRT,8007,exact_geometry_v2,63c48483c70e67cf6cc8ecf4358c672922703aba0ab1e1248d49784f7b12d26d
1,1,1,0.0352490829995986,1050.547143521984,0.0264590839736303,0.0017639389315753,1.8010967907827506,90.66666666666669,,432,210,921,24,0,0,random,D3_52008,D3,MultiRRT,8008,exact_geometry_v2,e8839e5c45580b1888306b92e5f0c082e80aecf4ad98b4a45d9cb8fbf61b2bc9
1,1,1,0.0586217560000932,1088.561193343633,0.0235393444636315,0.0015692896309087,0.4857381674927161,93.66666666666669,,487,256,1211,29,0,0,random,D3_52008,D3,RRTStar,8008,exact_geometry_v2,e8839e5c45580b1888306b92e5f0c082e80aecf4ad98b4a45d9cb8fbf61b2bc9
1,1,1,0.0530939919999582,1088.561193343633,0.0235393444636315,0.0015692896309087,0.4857381674927161,93.66666666666669,,487,256,1394,29,0,0,random,D3_52008,D3,RRTStarSmart,8008,exact_geometry_v2,e8839e5c45580b1888306b92e5f0c082e80aecf4ad98b4a45d9cb8fbf61b2bc9
1,1,1,0.0944307509996633,1003.577087073777,0.0327267921512012,0.0021817861434134,0.2935906803084478,87.33333333333333,,762,142,1609,33,78,0,random,D3_52008,D3,APFMultiRRT,8008,exact_geometry_v2,e8839e5c45580b1888306b92e5f0c082e80aecf4ad98b4a45d9cb8fbf61b2bc9
1,1,1,0.6648874810000507,997.353353837102,0.0447406566482812,0.0029827104432187,0.8269784782657155,87.66666666666667,,1785,192,6430,25,5302,3100,random,D3_52008,D3,RALMultiRRT,8008,exact_geometry_v2,e8839e5c45580b1888306b92e5f0c082e80aecf4ad98b4a45d9cb8fbf61b2bc9
0,0,0,0.0291281260001596,,,,,,no_path,571,233,713,18,0,0,random,D3_52009,D3,MultiRRT,8009,exact_geometry_v2,35f3f1f4a3c08e7b08676b3583359736548e81006dac923f6971c03d212f74e3
0,0,0,0.0364280900000721,,,,,,no_path,617,268,877,18,0,0,random,D3_52009,D3,RRTStar,8009,exact_geometry_v2,35f3f1f4a3c08e7b08676b3583359736548e81006dac923f6971c03d212f74e3
0,0,0,0.0399093179998999,,,,,,no_path,617,268,1028,18,0,0,random,D3_52009,D3,RRTStarSmart,8009,exact_geometry_v2,35f3f1f4a3c08e7b08676b3583359736548e81006dac923f6971c03d212f74e3
1,1,1,0.0956760189999386,1002.4502158134404,0.0212951151000644,0.0014196743400042,3.2427556527069967,86.0,,1191,171,1910,35,119,0,random,D3_52009,D3,APFMultiRRT,8009,exact_geometry_v2,35f3f1f4a3c08e7b08676b3583359736548e81006dac923f6971c03d212f74e3
1,1,1,0.5302888999999595,991.2364988112546,0.0210085630569401,0.0014005708704626,1.11214402279861,85.33333333333333,,1306,165,5794,37,4602,2608,random,D3_52009,D3,RALMultiRRT,8009,exact_geometry_v2,35f3f1f4a3c08e7b08676b3583359736548e81006dac923f6971c03d212f74e3
1,1,1,0.0650158020000617,1036.1717615172793,0.0444266182041184,0.0029617745469412,2.6056959761183265,89.33333333333333,,244,118,1144,43,0,0,random,D3_52010,D3,MultiRRT,8010,exact_geometry_v2,6dabba2d572b5fab5b16e7a71a36c01061f6b59675866eb717cdf062b753991b
1,1,1,0.0381749230002697,1041.608977166385,0.0573827817606773,0.0038255187840451,2.616356630833895,89.33333333333333,,312,169,913,23,0,0,random,D3_52010,D3,RRTStar,8010,exact_geometry_v2,6dabba2d572b5fab5b16e7a71a36c01061f6b59675866eb717cdf062b753991b
1,1,1,0.0464391209998211,1035.6291968284131,0.046336594023774,0.0030891062682516,2.616356630833895,89.0,,312,169,1150,25,0,0,random,D3_52010,D3,RRTStarSmart,8010,exact_geometry_v2,6dabba2d572b5fab5b16e7a71a36c01061f6b59675866eb717cdf062b753991b
1,1,1,0.1037935649999326,974.079049691553,0.0176946238208282,0.0011796415880552,0.8044377371099358,84.0,,777,133,1502,26,81,0,random,D3_52010,D3,APFMultiRRT,8010,exact_geometry_v2,6dabba2d572b5fab5b16e7a71a36c01061f6b59675866eb717cdf062b753991b
1,1,1,0.7045549130000381,981.1962353795316,0.0175444111349173,0.0011696274089944,0.6670691442187753,85.0,,903,163,5866,33,4700,2620,random,D3_52010,D3,RALMultiRRT,8010,exact_geometry_v2,6dabba2d572b5fab5b16e7a71a36c01061f6b59675866eb717cdf062b753991b
0,0,0,0.0384667030002674,,,,,,no_path,576,253,767,14,0,0,random,D3_52011,D3,MultiRRT,8011,exact_geometry_v2,ab5b80d9306bf9ef00d9bb261ba213e2a3516f0fcbdfe76c30eb32fc0e15c43f
0,0,0,0.0428917439999168,,,,,,no_path,623,292,1048,21,0,0,random,D3_52011,D3,RRTStar,8011,exact_geometry_v2,ab5b80d9306bf9ef00d9bb261ba213e2a3516f0fcbdfe76c30eb32fc0e15c43f
0,0,0,0.0466069839999363,,,,,,no_path,623,292,1224,22,0,0,random,D3_52011,D3,RRTStarSmart,8011,exact_geometry_v2,ab5b80d9306bf9ef00d9bb261ba213e2a3516f0fcbdfe76c30eb32fc0e15c43f
1,1,1,0.0768811479997566,995.6925610192678,0.0156131040740672,0.0010408736049378,3.3346560636923392,85.66666666666667,,795,134,1669,38,87,0,random,D3_52011,D3,APFMultiRRT,8011,exact_geometry_v2,ab5b80d9306bf9ef00d9bb261ba213e2a3516f0fcbdfe76c30eb32fc0e15c43f
1,1,1,0.5135797450000155,992.131868939537,0.0293813285791955,0.001958755238613,0.4177829959753119,86.0,,1227,169,5353,29,4502,2632,random,D3_52011,D3,RALMultiRRT,8011,exact_geometry_v2,ab5b80d9306bf9ef00d9bb261ba213e2a3516f0fcbdfe76c30eb32fc0e15c43f
1,1,1,0.03528904399991,1130.357674816535,0.0205440575070651,0.0013696038338043,1.0676533218995772,97.33333333333331,,404,149,1029,33,0,0,random,D3_52012,D3,MultiRRT,8012,exact_geometry_v2,461b0ac9e0be51663ced55f54a5c88040045944bd8f47d41ed1ced8cab1694dd
1,1,1,0.0454176509999797,1130.7281472980576,0.0223884884155584,0.0014925658943705,1.0676533218995772,98.0,,472,202,1205,34,0,0,random,D3_52012,D3,RRTStar,8012,exact_geometry_v2,461b0ac9e0be51663ced55f54a5c88040045944bd8f47d41ed1ced8cab1694dd
1,1,1,0.0488034459999653,1128.5032805733565,0.0201637576826656,0.0013442505121777,1.0676533218995772,97.0,,472,202,1399,37,0,0,random,D3_52012,D3,RRTStarSmart,8012,exact_geometry_v2,461b0ac9e0be51663ced55f54a5c88040045944bd8f47d41ed1ced8cab1694dd
1,1,1,0.0821633410000686,1023.7590427819669,0.0437691859201627,0.0029179457280108,1.1811242434610136,89.66666666666667,,1008,159,1658,30,92,0,random,D3_52012,D3,APFMultiRRT,8012,exact_geometry_v2,461b0ac9e0be51663ced55f54a5c88040045944bd8f47d41ed1ced8cab1694dd
1,1,1,0.6031387329999234,981.99774652318,0.0258313409234532,0.0017220893948968,0.2080692406589204,84.66666666666667,,1715,151,6090,30,4875,2820,random,D3_52012,D3,RALMultiRRT,8012,exact_geometry_v2,461b0ac9e0be51663ced55f54a5c88040045944bd8f47d41ed1ced8cab1694dd
1,1,1,0.026472775000002,1004.3904079389991,0.0214778102331065,0.0014318540155404,1.09530287389188,86.33333333333333,,209,107,732,25,0,0,random,D3_52013,D3,MultiRRT,8013,exact_geometry_v2,084a9f31f7ddb6a65efeae96aff4bb0644e209205b5b99f91b3b3e43f00cb454
1,1,1,0.0306186119998983,1001.5515485118008,0.0177605673637971,0.0011840378242531,0.3430599815918036,86.33333333333333,,276,159,848,26,0,0,random,D3_52013,D3,RRTStar,8013,exact_geometry_v2,084a9f31f7ddb6a65efeae96aff4bb0644e209205b5b99f91b3b3e43f00cb454
1,1,1,0.0355113889997937,1001.5515485118008,0.0177605673637971,0.0011840378242531,0.3430599815918036,86.33333333333333,,276,159,1043,26,0,0,random,D3_52013,D3,RRTStarSmart,8013,exact_geometry_v2,084a9f31f7ddb6a65efeae96aff4bb0644e209205b5b99f91b3b3e43f00cb454
1,1,1,0.0894494630001645,1000.0175275110604,0.0228826539004936,0.0015255102600329,0.44359529971711,86.33333333333333,,948,160,1649,27,96,0,random,D3_52013,D3,APFMultiRRT,8013,exact_geometry_v2,084a9f31f7ddb6a65efeae96aff4bb0644e209205b5b99f91b3b3e43f00cb454
1,1,1,0.5442787790000239,1001.793850244026,0.0095223978233171,0.0006348265215544,2.3221314933365,85.66666666666667,,1056,184,5392,30,4478,2616,random,D3_52013,D3,RALMultiRRT,8013,exact_geometry_v2,084a9f31f7ddb6a65efeae96aff4bb0644e209205b5b99f91b3b3e43f00cb454
1,1,1,0.039064494999593,1111.4902600535163,0.0456617243914527,0.0030441149594301,1.0152681970714337,95.66666666666669,,424,189,957,26,0,0,random,D3_52014,D3,MultiRRT,8014,exact_geometry_v2,06799739a0a9a3591a5711a707bd925cadd75f19c391eeab601fe5ab7239a9d1
1,1,1,0.0598005529998317,1084.9475335063491,0.0288476396660383,0.0019231759777358,1.0152681970714337,93.0,,490,239,1339,35,0,0,random,D3_52014,D3,RRTStar,8014,exact_geometry_v2,06799739a0a9a3591a5711a707bd925cadd75f19c391eeab601fe5ab7239a9d1
1,1,1,0.0655595620000895,1084.946643690869,0.0287542560061193,0.0019169504004079,1.3726428738262353,93.0,,490,239,1533,36,0,0,random,D3_52014,D3,RRTStarSmart,8014,exact_geometry_v2,06799739a0a9a3591a5711a707bd925cadd75f19c391eeab601fe5ab7239a9d1
1,1,1,0.1025507510000807,1006.9644882641064,0.0303475365585303,0.002023169103902,0.8509790992329371,88.0,,1023,160,1755,34,99,0,random,D3_52014,D3,APFMultiRRT,8014,exact_geometry_v2,06799739a0a9a3591a5711a707bd925cadd75f19c391eeab601fe5ab7239a9d1
1,1,1,0.5989142290000018,1001.4950858137132,0.0307575281646211,0.0020505018776414,0.8695106967791624,88.33333333333333,,2216,176,5585,31,4136,2484,random,D3_52014,D3,RALMultiRRT,8014,exact_geometry_v2,06799739a0a9a3591a5711a707bd925cadd75f19c391eeab601fe5ab7239a9d1
0,0,0,0.018944066999893,,,,,,no_path,515,244,727,20,0,0,random,Narrow_53000,Narrow,MultiRRT,8000,exact_geometry_v2,b0092374e8f8eac36fea384e6875cb19f80d3fee3792a508e3e4ae88866881d8
0,0,0,0.0229838459999882,,,,,,no_path,558,280,808,16,0,0,random,Narrow_53000,Narrow,RRTStar,8000,exact_geometry_v2,b0092374e8f8eac36fea384e6875cb19f80d3fee3792a508e3e4ae88866881d8
0,0,0,0.0262012859998321,,,,,,no_path,558,280,919,16,0,0,random,Narrow_53000,Narrow,RRTStarSmart,8000,exact_geometry_v2,b0092374e8f8eac36fea384e6875cb19f80d3fee3792a508e3e4ae88866881d8
0,0,0,0.328429172999904,,,,,,iteration_budget,13254,219,7826,20,758,0,random,Narrow_53000,Narrow,APFMultiRRT,8000,exact_geometry_v2,b0092374e8f8eac36fea384e6875cb19f80d3fee3792a508e3e4ae88866881d8
1,1,1,1.0514547980001223,1147.220151630511,0.0175546089536283,0.0011703072635752,0.4273017360498414,98.33333333333331,,9484,329,17990,39,15131,9332,random,Narrow_53000,Narrow,RALMultiRRT,8000,exact_geometry_v2,b0092374e8f8eac36fea384e6875cb19f80d3fee3792a508e3e4ae88866881d8
0,0,0,0.0107689229996594,,,,,,no_path,373,169,504,14,0,0,random,Narrow_53001,Narrow,MultiRRT,8001,exact_geometry_v2,2ba72489c86f7565d9b3a2b23c421223b7059a6e585f802ce8df55de1fe4539d
0,0,0,0.0238933059999908,,,,,,no_path,433,214,1043,32,0,0,random,Narrow_53001,Narrow,RRTStar,8001,exact_geometry_v2,2ba72489c86f7565d9b3a2b23c421223b7059a6e585f802ce8df55de1fe4539d
0,0,0,0.0265824200000679,,,,,,no_path,433,214,1162,35,0,0,random,Narrow_53001,Narrow,RRTStarSmart,8001,exact_geometry_v2,2ba72489c86f7565d9b3a2b23c421223b7059a6e585f802ce8df55de1fe4539d
0,0,0,0.2817796889999044,,,,,,iteration_budget,15093,153,7351,25,781,0,random,Narrow_53001,Narrow,APFMultiRRT,8001,exact_geometry_v2,2ba72489c86f7565d9b3a2b23c421223b7059a6e585f802ce8df55de1fe4539d
1,1,1,1.0899667259998296,1119.0751409500097,0.014037342923889,0.0009358228615926,0.8236734188193875,95.66666666666669,,8004,271,16823,35,15714,9688,random,Narrow_53001,Narrow,RALMultiRRT,8001,exact_geometry_v2,2ba72489c86f7565d9b3a2b23c421223b7059a6e585f802ce8df55de1fe4539d
1,1,1,0.0168519019998711,1126.603739997945,0.0142113695375926,0.0009474246358395,1.2608577531961256,96.33333333333331,,348,184,897,29,0,0,random,Narrow_53002,Narrow,MultiRRT,8002,exact_geometry_v2,0831fc381dcf7eaee75d772a7c0e1bd48a1a9cc26c30aef38b9a183bb929e5d3
1,1,1,0.021940461999975,1129.7887225082477,0.0149967538450886,0.0009997835896725,1.2608577531961256,96.66666666666669,,407,229,1072,32,0,0,random,Narrow_53002,Narrow,RRTStar,8002,exact_geometry_v2,0831fc381dcf7eaee75d772a7c0e1bd48a1a9cc26c30aef38b9a183bb929e5d3
1,1,1,0.0243610519999037,1129.7887225082477,0.0149967538450886,0.0009997835896725,1.2608577531961256,96.33333333333331,,407,229,1246,33,0,0,random,Narrow_53002,Narrow,RRTStarSmart,8002,exact_geometry_v2,0831fc381dcf7eaee75d772a7c0e1bd48a1a9cc26c30aef38b9a183bb929e5d3
1,1,1,0.3387738599999466,1114.7382601709771,0.0209326402862016,0.0013955093524134,1.009128295251685,96.0,,15333,348,8401,36,869,0,random,Narrow_53002,Narrow,APFMultiRRT,8002,exact_geometry_v2,0831fc381dcf7eaee75d772a7c0e1bd48a1a9cc26c30aef38b9a183bb929e5d3
1,1,1,0.7102065350002249,1135.535399715631,0.0187616821300765,0.0012507788086717,0.3604830783520469,97.33333333333331,,4195,240,11525,36,10126,6096,random,Narrow_53002,Narrow,RALMultiRRT,8002,exact_geometry_v2,0831fc381dcf7eaee75d772a7c0e1bd48a1a9cc26c30aef38b9a183bb929e5d3
0,0,0,0.0142802950001623,,,,,,no_path,559,249,431,6,0,0,random,Narrow_53003,Narrow,MultiRRT,8003,exact_geometry_v2,0948c622b067baa9aa412ecc3e930ef8e874b69695e3706cdb49379baa98017b
0,0,0,0.0202434049999737,,,,,,no_path,585,269,633,11,0,0,random,Narrow_53003,Narrow,RRTStar,8003,exact_geometry_v2,0948c622b067baa9aa412ecc3e930ef8e874b69695e3706cdb49379baa98017b
0,0,0,0.0208182599999418,,,,,,no_path,585,269,703,11,0,0,random,Narrow_53003,Narrow,RRTStarSmart,8003,exact_geometry_v2,0948c622b067baa9aa412ecc3e930ef8e874b69695e3706cdb49379baa98017b
0,0,0,0.2640142919999562,,,,,,iteration_budget,12774,228,6718,20,798,0,random,Narrow_53003,Narrow,APFMultiRRT,8003,exact_geometry_v2,0948c622b067baa9aa412ecc3e930ef8e874b69695e3706cdb49379baa98017b
0,0,0,1.5838156719999006,,,,,,iteration_budget,12210,386,22532,20,22465,14440,random,Narrow_53003,Narrow,RALMultiRRT,8003,exact_geometry_v2,0948c622b067baa9aa412ecc3e930ef8e874b69695e3706cdb49379baa98017b
0,0,0,0.0153134439999575,,,,,,no_path,624,207,555,13,0,0,random,Narrow_53004,Narrow,MultiRRT,8004,exact_geometry_v2,863250b51c667df70b106ce2fd162fb3ec03c788c094a87dae95003cb46ff08a
0,0,0,0.0237446520002322,,,,,,no_path,667,242,796,20,0,0,random,Narrow_53004,Narrow,RRTStar,8004,exact_geometry_v2,863250b51c667df70b106ce2fd162fb3ec03c788c094a87dae95003cb46ff08a
0,0,0,0.0225493600000845,,,,,,no_path,667,242,905,20,0,0,random,Narrow_53004,Narrow,RRTStarSmart,8004,exact_geometry_v2,863250b51c667df70b106ce2fd162fb3ec03c788c094a87dae95003cb46ff08a
0,0,0,0.2946710429998802,,,,,,iteration_budget,14979,147,7696,21,771,0,random,Narrow_53004,Narrow,APFMultiRRT,8004,exact_geometry_v2,863250b51c667df70b106ce2fd162fb3ec03c788c094a87dae95003cb46ff08a
1,1,1,0.8757406790002733,1124.415019177557,0.0186664630878941,0.0012444308725262,1.746557924716683,96.33333333333331,,5139,304,13679,28,12141,7648,random,Narrow_53004,Narrow,RALMultiRRT,8004,exact_geometry_v2,863250b51c667df70b106ce2fd162fb3ec03c788c094a87dae95003cb46ff08a
0,0,0,0.0128408059999856,,,,,,no_path,370,161,557,19,0,0,random,Narrow_53005,Narrow,MultiRRT,8005,exact_geometry_v2,9e81045ae7da149146658ac1d81f2a1b2d59afef1527f2c9ffe4080522659967
0,0,0,0.017679679999901,,,,,,no_path,412,196,693,17,0,0,random,Narrow_53005,Narrow,RRTStar,8005,exact_geometry_v2,9e81045ae7da149146658ac1d81f2a1b2d59afef1527f2c9ffe4080522659967
0,0,0,0.0186490009998578,,,,,,no_path,412,196,797,17,0,0,random,Narrow_53005,Narrow,RRTStarSmart,8005,exact_geometry_v2,9e81045ae7da149146658ac1d81f2a1b2d59afef1527f2c9ffe4080522659967
0,0,0,0.3533923590002814,,,,,,iteration_budget,13389,293,7785,18,793,0,random,Narrow_53005,Narrow,APFMultiRRT,8005,exact_geometry_v2,9e81045ae7da149146658ac1d81f2a1b2d59afef1527f2c9ffe4080522659967
0,0,0,1.4821151109999846,,,,,,iteration_budget,15546,398,22105,17,20090,13596,random,Narrow_53005,Narrow,RALMultiRRT,8005,exact_geometry_v2,9e81045ae7da149146658ac1d81f2a1b2d59afef1527f2c9ffe4080522659967
0,0,0,0.0135512869999274,,,,,,no_path,376,161,651,34,0,0,random,Narrow_53006,Narrow,MultiRRT,8006,exact_geometry_v2,750b2452b78eee1e32c042cb37e170056d9de86278e39423023e716dbb3da3df
0,0,0,0.0156432699998276,,,,,,no_path,425,207,702,20,0,0,random,Narrow_53006,Narrow,RRTStar,8006,exact_geometry_v2,750b2452b78eee1e32c042cb37e170056d9de86278e39423023e716dbb3da3df
0,0,0,0.0168554470001254,,,,,,no_path,425,207,804,20,0,0,random,Narrow_53006,Narrow,RRTStarSmart,8006,exact_geometry_v2,750b2452b78eee1e32c042cb37e170056d9de86278e39423023e716dbb3da3df
0,0,0,0.2975715850002416,,,,,,iteration_budget,12631,225,7348,16,751,0,random,Narrow_53006,Narrow,APFMultiRRT,8006,exact_geometry_v2,750b2452b78eee1e32c042cb37e170056d9de86278e39423023e716dbb3da3df
1,1,1,1.5763120479998634,1131.8240585823976,0.0181770301743396,0.0012118020116226,1.3528493019263692,97.0,,7710,303,24502,30,21911,14564,random,Narrow_53006,Narrow,RALMultiRRT,8006,exact_geometry_v2,750b2452b78eee1e32c042cb37e170056d9de86278e39423023e716dbb3da3df
0,0,0,0.0146250869997857,,,,,,no_path,530,177,605,18,0,0,random,Narrow_53007,Narrow,MultiRRT,8007,exact_geometry_v2,4dda13e00c582b2962c2d2869eb5fe7b1df3790ac21d6190de1e26044f8447c0
0,0,0,0.0179012339999644,,,,,,no_path,573,215,719,16,0,0,random,Narrow_53007,Narrow,RRTStar,8007,exact_geometry_v2,4dda13e00c582b2962c2d2869eb5fe7b1df3790ac21d6190de1e26044f8447c0
0,0,0,0.0190660200003094,,,,,,no_path,573,215,850,16,0,0,random,Narrow_53007,Narrow,RRTStarSmart,8007,exact_geometry_v2,4dda13e00c582b2962c2d2869eb5fe7b1df3790ac21d6190de1e26044f8447c0
0,0,0,0.3113399459998618,,,,,,iteration_budget,15357,212,8371,20,753,0,random,Narrow_53007,Narrow,APFMultiRRT,8007,exact_geometry_v2,4dda13e00c582b2962c2d2869eb5fe7b1df3790ac21d6190de1e26044f8447c0
0,0,0,1.3537057439998534,,,,,,iteration_budget,13562,341,21138,17,20376,13668,random,Narrow_53007,Narrow,RALMultiRRT,8007,exact_geometry_v2,4dda13e00c582b2962c2d2869eb5fe7b1df3790ac21d6190de1e26044f8447c0
1,1,1,0.0293215479996433,1143.5621159352738,0.029692839477327,0.0019795226318218,0.0344581480096444,98.0,,447,211,1502,50,0,0,random,Narrow_53008,Narrow,MultiRRT,8008,exact_geometry_v2,bdb7d43897f3942f781d7fb9f0cfa1dea98863d9c64858d3f37f6ca24f88b8df
1,1,1,0.0319622790000266,1161.3285759841874,0.0264964927153237,0.0017664328476882,0.9684491636050884,100.33333333333331,,515,269,1552,51,0,0,random,Narrow_53008,Narrow,RRTStar,8008,exact_geometry_v2,bdb7d43897f3942f781d7fb9f0cfa1dea98863d9c64858d3f37f6ca24f88b8df
1,1,1,0.0365023829999699,1161.3285759841874,0.0264964927153237,0.0017664328476882,0.9684491636050884,100.33333333333331,,515,269,1831,75,0,0,random,Narrow_53008,Narrow,RRTStarSmart,8008,exact_geometry_v2,bdb7d43897f3942f781d7fb9f0cfa1dea98863d9c64858d3f37f6ca24f88b8df
0,0,0,0.2541890210000019,,,,,,iteration_budget,14751,130,7429,17,751,0,random,Narrow_53008,Narrow,APFMultiRRT,8008,exact_geometry_v2,bdb7d43897f3942f781d7fb9f0cfa1dea98863d9c64858d3f37f6ca24f88b8df
1,1,1,0.8407305439998254,1109.4773741368094,0.0177835164663874,0.0011855677644258,7.802985897194464,95.33333333333331,,5751,276,13872,31,12570,7772,random,Narrow_53008,Narrow,RALMultiRRT,8008,exact_geometry_v2,bdb7d43897f3942f781d7fb9f0cfa1dea98863d9c64858d3f37f6ca24f88b8df
0,0,0,0.0126452010001685,,,,,,no_path,418,222,589,12,0,0,random,Narrow_53009,Narrow,MultiRRT,8009,exact_geometry_v2,59ca857bf9df0088be8038b987f5a27673b8cd8804080af8b155ac723469a7c4
0,0,0,0.0198240419997546,,,,,,no_path,461,262,845,17,0,0,random,Narrow_53009,Narrow,RRTStar,8009,exact_geometry_v2,59ca857bf9df0088be8038b987f5a27673b8cd8804080af8b155ac723469a7c4
0,0,0,0.0208617650002906,,,,,,no_path,461,262,969,17,0,0,random,Narrow_53009,Narrow,RRTStarSmart,8009,exact_geometry_v2,59ca857bf9df0088be8038b987f5a27673b8cd8804080af8b155ac723469a7c4
0,0,0,0.3512073139997937,,,,,,iteration_budget,14892,133,7248,22,764,0,random,Narrow_53009,Narrow,APFMultiRRT,8009,exact_geometry_v2,59ca857bf9df0088be8038b987f5a27673b8cd8804080af8b155ac723469a7c4
1,1,1,0.526548719999937,1125.8011680948057,0.0189186709002804,0.0012612447266853,0.6140726763285898,96.33333333333331,,2691,222,8637,29,7522,4488,random,Narrow_53009,Narrow,RALMultiRRT,8009,exact_geometry_v2,59ca857bf9df0088be8038b987f5a27673b8cd8804080af8b155ac723469a7c4
0,0,0,0.0112840700001015,,,,,,no_path,554,175,376,9,0,0,random,Narrow_53010,Narrow,MultiRRT,8010,exact_geometry_v2,a5b6fb191ccaa1235d7e6d1cc4dc4943a6df22d11f7e0ab9df8c414746574841
0,0,0,0.0138563660000272,,,,,,no_path,577,193,456,7,0,0,random,Narrow_53010,Narrow,RRTStar,8010,exact_geometry_v2,a5b6fb191ccaa1235d7e6d1cc4dc4943a6df22d11f7e0ab9df8c414746574841
0,0,0,0.0140279859997463,,,,,,no_path,577,193,490,7,0,0,random,Narrow_53010,Narrow,RRTStarSmart,8010,exact_geometry_v2,a5b6fb191ccaa1235d7e6d1cc4dc4943a6df22d11f7e0ab9df8c414746574841
0,0,0,0.2766206240003157,,,,,,iteration_budget,14868,144,7236,20,764,0,random,Narrow_53010,Narrow,APFMultiRRT,8010,exact_geometry_v2,a5b6fb191ccaa1235d7e6d1cc4dc4943a6df22d11f7e0ab9df8c414746574841
0,0,0,1.4651148210000429,,,,,,iteration_budget,12795,290,22829,18,21171,14148,random,Narrow_53010,Narrow,RALMultiRRT,8010,exact_geometry_v2,a5b6fb191ccaa1235d7e6d1cc4dc4943a6df22d11f7e0ab9df8c414746574841
1,1,1,0.0167947960001129,1124.270632310537,0.0175629658309102,0.0011708643887273,1.6165965780506042,96.33333333333331,,277,152,938,33,0,0,random,Narrow_53011,Narrow,MultiRRT,8011,exact_geometry_v2,8b2bfac42bdb66f0ea0712bcf03f594e44e8a5e04028dfa7176ffe187c49c284
1,1,1,0.0275177299999995,1115.4908545606193,0.0194586826314121,0.0012972455087608,1.387430489052342,95.66666666666669,,346,207,1393,49,0,0,random,Narrow_53011,Narrow,RRTStar,8011,exact_geometry_v2,8b2bfac42bdb66f0ea0712bcf03f594e44e8a5e04028dfa7176ffe187c49c284
1,1,1,0.0293575030002557,1113.6644217043006,0.0142781377745154,0.0009518758516343,1.387430489052342,95.33333333333331,,346,207,1553,51,0,0,random,Narrow_53011,Narrow,RRTStarSmart,8011,exact_geometry_v2,8b2bfac42bdb66f0ea0712bcf03f594e44e8a5e04028dfa7176ffe187c49c284
0,0,0,0.3017408480000085,,,,,,iteration_budget,13188,229,7837,18,764,0,random,Narrow_53011,Narrow,APFMultiRRT,8011,exact_geometry_v2,8b2bfac42bdb66f0ea0712bcf03f594e44e8a5e04028dfa7176ffe187c49c284
1,1,1,1.0017013630001657,1111.2296864889952,0.0214443689835193,0.0014296245989012,1.36267857312677,95.33333333333331,,6357,276,15592,32,14112,9016,random,Narrow_53011,Narrow,RALMultiRRT,8011,exact_geometry_v2,8b2bfac42bdb66f0ea0712bcf03f594e44e8a5e04028dfa7176ffe187c49c284
0,0,0,0.0190178370000921,,,,,,no_path,570,244,651,21,0,0,random,Narrow_53012,Narrow,MultiRRT,8012,exact_geometry_v2,ec338b662fe7182e9751b6042d6a67bace7d5f940f48c3a4a6be950a0c4491ec
0,0,0,0.0230424979999952,,,,,,no_path,591,260,597,8,0,0,random,Narrow_53012,Narrow,RRTStar,8012,exact_geometry_v2,ec338b662fe7182e9751b6042d6a67bace7d5f940f48c3a4a6be950a0c4491ec
0,0,0,0.021192535999944,,,,,,no_path,591,260,657,8,0,0,random,Narrow_53012,Narrow,RRTStarSmart,8012,exact_geometry_v2,ec338b662fe7182e9751b6042d6a67bace7d5f940f48c3a4a6be950a0c4491ec
0,0,0,0.2727278479999313,,,,,,iteration_budget,14946,134,7412,21,762,0,random,Narrow_53012,Narrow,APFMultiRRT,8012,exact_geometry_v2,ec338b662fe7182e9751b6042d6a67bace7d5f940f48c3a4a6be950a0c4491ec
0,0,0,1.4926798669998789,,,,,,iteration_budget,11346,270,22737,20,20645,12840,random,Narrow_53012,Narrow,RALMultiRRT,8012,exact_geometry_v2,ec338b662fe7182e9751b6042d6a67bace7d5f940f48c3a4a6be950a0c4491ec
1,1,1,0.0174463389998891,1084.9390660302145,0.0167597650115467,0.0011173176674364,1.0910404418226085,93.33333333333331,,270,157,858,29,0,0,random,Narrow_53013,Narrow,MultiRRT,8013,exact_geometry_v2,a52fede713d932108b3d6b8f02407cd95d0d9334cdac834649130d043a5273dc
1,1,1,0.0179296370001793,1115.143431442491,0.0260929585270047,0.0017395305684669,3.805349656996915,95.66666666666669,,334,209,946,28,0,0,random,Narrow_53013,Narrow,RRTStar,8013,exact_geometry_v2,a52fede713d932108b3d6b8f02407cd95d0d9334cdac834649130d043a5273dc
1,1,1,0.020423687000175,1115.143431442491,0.0260929585270047,0.0017395305684669,3.805349656996915,95.66666666666669,,334,209,1134,28,0,0,random,Narrow_53013,Narrow,RRTStarSmart,8013,exact_geometry_v2,a52fede713d932108b3d6b8f02407cd95d0d9334cdac834649130d043a5273dc
0,0,0,0.3667093130000012,,,,,,iteration_budget,18468,220,8914,22,1000,0,random,Narrow_53013,Narrow,APFMultiRRT,8013,exact_geometry_v2,a52fede713d932108b3d6b8f02407cd95d0d9334cdac834649130d043a5273dc
0,0,0,1.4085545460000048,,,,,,iteration_budget,12741,355,21671,19,18620,12296,random,Narrow_53013,Narrow,RALMultiRRT,8013,exact_geometry_v2,a52fede713d932108b3d6b8f02407cd95d0d9334cdac834649130d043a5273dc
0,0,0,0.0125113599997348,,,,,,no_path,519,233,550,10,0,0,random,Narrow_53014,Narrow,MultiRRT,8014,exact_geometry_v2,ae7dc79e3fe0b2239a0cd9b2c894f5eb5ecaac2077ebb4565da87bfdbe146b0c
0,0,0,0.0225849640000888,,,,,,no_path,562,273,937,24,0,0,random,Narrow_53014,Narrow,RRTStar,8014,exact_geometry_v2,ae7dc79e3fe0b2239a0cd9b2c894f5eb5ecaac2077ebb4565da87bfdbe146b0c
0,0,0,0.0239837330000227,,,,,,no_path,562,273,1056,24,0,0,random,Narrow_53014,Narrow,RRTStarSmart,8014,exact_geometry_v2,ae7dc79e3fe0b2239a0cd9b2c894f5eb5ecaac2077ebb4565da87bfdbe146b0c
0,0,0,0.2944526949997907,,,,,,iteration_budget,16157,215,8192,24,769,0,random,Narrow_53014,Narrow,APFMultiRRT,8014,exact_geometry_v2,ae7dc79e3fe0b2239a0cd9b2c894f5eb5ecaac2077ebb4565da87bfdbe146b0c
1,1,1,0.7804584649998105,1100.6541175240727,0.0193043007543551,0.0012869533836236,2.687381157075885,94.33333333333331,,7125,285,13738,35,11336,7144,random,Narrow_53014,Narrow,RALMultiRRT,8014,exact_geometry_v2,ae7dc79e3fe0b2239a0cd9b2c894f5eb5ecaac2077ebb4565da87bfdbe146b0c
